Gene name	Murakawa halflife (Human)	Schwannhausser halflife (Mouse)	Human ENSEMBL ID
prpsap1	4.96376717	11.29	ENSG00000161542
smc5	4.534308656666667	6.19	ENSG00000198887
syncrip	3.268787301666667	8.32	ENSG00000135316
tmed4	5.180704871666666	11.27	ENSG00000158604
arl8a	3.355936696666667	4.97	ENSG00000143862
rps19bp1	10.006598391666667	7.73	ENSG00000187051
dhrs7b	6.395247913333334	13.38	ENSG00000109016
ndufa2	8.451592721666666	14.4	ENSG00000131495
psmd11	5.6325128	5.94	ENSG00000108671
tpd52l2	7.036334138333333	12.83	ENSG00000101150
surf1	4.10051496	10.61	ENSG00000148290
rab1a	4.876110586666667	10.07	ENSG00000138069
asna1	7.293027631666666	12.25	ENSG00000198356
gnpnat1	6.356962101666666	10.12	ENSG00000100522
rbm6	5.031917806666667	6.21	ENSG00000004534
smu1	5.317138951666666	13	ENSG00000122692
pitrm1	8.223822496666667	18.16	ENSG00000107959
abt1	3.256870055	10.26	ENSG00000146109
taz	5.564223665	8.36	ENSG00000102125
ndufa8	11.743667475	13.49	ENSG00000119421
wdr73	4.524660693333333	5.18	ENSG00000177082
ankfy1	5.044098263333334	12.2	ENSG00000185722
pik3cb	4.390193036666667	6.09	ENSG00000051382
copb1	6.219880736666667	12.54	ENSG00000129083
snx17	8.630643046666668	10.47	ENSG00000115234
uchl5	5.157811311666666	11.07	ENSG00000116750
ccdc47	3.9494142366666667	13.81	ENSG00000108588
aldh3a2	6.159371735	9.09	ENSG00000072210
yy1	4.688127468333334	6.4	ENSG00000100811
mlf2	8.345603576666667	14.92	ENSG00000089693
tnpo1	4.418152498333333	11.98	ENSG00000083312
cct5	5.620986766666666	13.55	ENSG00000150753
zbtb7a	2.3373426666666663	4.39	ENSG00000178951
ilkap	4.05218107	6.1	ENSG00000132323
ube2z	4.439502938333334	11.68	ENSG00000159202
ndufc2	5.935007943333333	13.5	ENSG00000151366
thumpd3	3.7399204483333337	6.85	ENSG00000134077
cbx3	5.054931906666667	7.76	ENSG00000122565
dmap1	4.992405725	7.91	ENSG00000178028
atp5o	8.51802401	14.35	ENSG00000241837
uba5	4.459009756666666	7.33	ENSG00000081307
rwdd1	4.464009236666667	11.63	ENSG00000111832
uqcrq	4.073854065	16.69	ENSG00000164405
mrpl52	6.026978945	13.1	ENSG00000172590
dek	4.792802676666667	8.95	ENSG00000124795
usp10	6.128611903333334	7.4	ENSG00000103194
txlna	4.33661687	9.57	ENSG00000084652
trim3	4.327908545	5.98	ENSG00000110171
rbm15	2.3719944366666668	3.18	ENSG00000162775
psmd6	5.980697288333333	9.49	ENSG00000163636
ndufs2	6.936868531666667	15.52	ENSG00000158864
pex11b	3.8009013	7.44	ENSG00000131779
nsun2	4.873667271666666	16.88	ENSG00000037474
nsmce4a	5.251540023333334	7.86	ENSG00000107672
uqcrc1	13.141211731666667	17.88	ENSG00000010256
ufc1	8.501552	12.12	ENSG00000143222
atg2b	4.816397443333333	11.73	ENSG00000066739
psmb3	16.625038975	12.85	ENSG00000108294
fbxo28	3.0060513916666665	5.95	ENSG00000143756
smndc1	2.6960913483333333	6.89	ENSG00000119953
mrpl44	2.302599025	4.61	ENSG00000135900
psmd8	11.256334366666666	12.02	ENSG00000099341
mrpl9	5.727768471666667	7.7	ENSG00000143436
rcn2	5.691878218333333	15.35	ENSG00000117906
ewsr1	4.601168918333333	9.88	ENSG00000182944
rhot1	5.508044206666667	10.76	ENSG00000126858
pus7	4.944139815	8.12	ENSG00000091127
ran	4.901246821666667	15.9	ENSG00000132341
cdc5l	3.869263765	9.01	ENSG00000096401
hspa8	4.589410063333333	10.38	ENSG00000109971
timm10	3.7049451266666664	5.71	ENSG00000134809
actr1a	8.837882948333334	11.48	ENSG00000138107
qrich1	4.805039556666667	5.61	ENSG00000198218
mrpl37	7.470182394999999	10.11	ENSG00000116221
ints4	5.266410896666667	14.05	ENSG00000149262
ctbp1	6.477006311666667	14.44	ENSG00000159692
h2afx	3.562868598333333	5.27	ENSG00000188486
pih1d1	5.876603508333333	12.84	ENSG00000104872
pum2	4.06781154	5.79	ENSG00000055917
txndc15	7.231079248333333	12.14	ENSG00000113621
tgoln2	2.754552035	7.36	ENSG00000152291
sart1	7.806184441666667	18.54	ENSG00000175467
ywhab	6.753037785	15.62	ENSG00000166913
aktip	6.062753276666667	14.58	ENSG00000166971
wrnip1	4.5645108316666665	9.52	ENSG00000124535
mrps14	3.9114684183333335	15.33	ENSG00000120333
ankrd28	4.451636755	6.58	ENSG00000206560
ndufa11	10.648976098333332	32.66	ENSG00000174886
nipbl	3.594148253333333	8.39	ENSG00000164190
h2afy	7.437797598333333	12.52	ENSG00000113648
reep3	5.175490523333334	12.74	ENSG00000165476
shoc2	3.8123655	7.23	ENSG00000108061
sssca1	4.409004035	8.64	ENSG00000173465
cab39	4.148583583333333	8.11	ENSG00000135932
psmg2	5.310383526666667	7.28	ENSG00000128789
abce1	6.4453510666666665	11.51	ENSG00000164163
nufip2	2.0514480083333333	3.44	ENSG00000108256
akt1s1	5.95805128	10.48	ENSG00000204673
bpnt1	6.96212572	9.82	ENSG00000162813
tmem41b	6.682249051666667	8.47	ENSG00000166471
gtf2h1	4.39960589	8.15	ENSG00000110768
anapc5	9.154602718333333	20.72	ENSG00000089053
slc25a5	7.2067158283333335	14.21	ENSG00000005022
specc1l	3.63361956	6.81	ENSG00000100014
mapk9	6.951132405	9.37	ENSG00000050748
paics	6.798942333333333	14	ENSG00000128050
man1a2	4.82590475	16.37	ENSG00000198162
tcp1	5.409878208333334	11.11	ENSG00000120438
tapbp	6.44239793	25.54	ENSG00000231925
psmb1	7.147649376666666	13.19	ENSG00000008018
calr	6.70208964	34.09	ENSG00000179218
ppig	4.09413484	18.64	ENSG00000138398
pafah1b1	5.070455716666667	8.26	ENSG00000007168
bcs1l	6.813529988333333	9.56	ENSG00000074582
mrpl40	5.9784493633333335	8.65	ENSG00000185608
rabgef1	3.855764538333333	3.57	ENSG00000154710
dlst	5.025082788333333	8.71	ENSG00000119689
htatip2	8.290895279999999	10.85	ENSG00000109854
fubp1	3.5174868766666667	10.41	ENSG00000162613
rab21	5.091805318333333	9.63	ENSG00000080371
hmg20a	5.3950597	6.62	ENSG00000140382
spag7	6.134097421666667	6.31	ENSG00000091640
baz1b	4.256453413333333	9.16	ENSG00000009954
ccdc90a	6.367832276666666	8.06	ENSG00000050393
supv3l1	5.190716243333333	6.88	ENSG00000156502
khdrbs1	5.414185573333333	14.35	ENSG00000121774
wrb	8.342708916666668	9.55	ENSG00000182093
clpx	5.05430477	8.42	ENSG00000166855
copa	7.517604716666667	18.03	ENSG00000122218
larp7	4.9041623916666675	10.41	ENSG00000174720
ebag9	5.35213151	9.06	ENSG00000147654
pik3r4	4.736181871666667	12.02	ENSG00000196455
ndufv1	9.782172430000001	13.12	ENSG00000167792
prmt1	10.234205773333334	10.1	ENSG00000126457
psmd13	9.98188684	16.8	ENSG00000185627
ythdc1	3.865478005	6.76	ENSG00000083896
polr2h	4.809002981666667	5.71	ENSG00000163882
c1qbp	7.454159281666667	8.55	ENSG00000108561
cpsf4	5.676454916666667	5.06	ENSG00000160917
cltb	8.903499335	15.2	ENSG00000175416
taf10	6.054627583333333	13.93	ENSG00000166337
pi4ka	6.427629205000001	19.09	ENSG00000241973
arhgdia	5.583273523333333	23.67	ENSG00000141522
osbpl2	5.583263035	7.6	ENSG00000130703
ppih	5.16173289	3.69	ENSG00000171960
tax1bp1	6.479092755	13.6	ENSG00000106052
ccdc25	6.215234998333333	3.73	ENSG00000147419
stom	5.89004544	14.64	ENSG00000148175
dad1	14.536217361666667	14	ENSG00000129562
lhpp	5.270536256666667	18.64	ENSG00000107902
sh3glb1	4.601635151666667	11.61	ENSG00000097033
ssr1	4.995148181666666	24.81	ENSG00000124783
pole3	3.299361106666667	7.74	ENSG00000148229
adi1	7.976636025	11.81	ENSG00000182551
nek9	5.227786736666667	11.36	ENSG00000119638
il6st	4.817013616666667	9.19	ENSG00000134352
atpaf2	5.78752434	9.05	ENSG00000171953
ahcy	8.237531856666667	15.84	ENSG00000101444
ufd1l	5.969890968333333	6.92	ENSG00000070010
rufy1	5.143864985	12.22	ENSG00000176783
edc3	4.7286187533333335	6.29	ENSG00000179151
coq5	5.264514513333333	7.72	ENSG00000110871
arpc1a	8.825300835	12.4	ENSG00000241685
gtf2b	4.492252570000001	4.64	ENSG00000137947
sf3a1	4.750642235	10.52	ENSG00000099995
pop4	5.389311873333333	4.88	ENSG00000105171
sec24a	4.227074208333333	6.47	ENSG00000113615
gcc1	2.5043761116666667	3.97	ENSG00000179562
sat2	6.145995401666667	3.81	ENSG00000141504
lyrm4	7.853500775	9.49	ENSG00000214113
polr3c	4.330457273333334	8.81	ENSG00000186141
rnf40	5.5568084466666665	8.91	ENSG00000103549
fam96b	11.461453201666666	8.82	ENSG00000166595
dnajb11	5.041498571666667	20.3	ENSG00000090520
pex19	5.779330701666667	13.42	ENSG00000162735
mrfap1	4.487227866666667	9.94	ENSG00000179010
m6pr	5.35857583	13.33	ENSG00000003056
tbc1d22a	5.153184256666666	13	ENSG00000054611
pcid2	1.7017050383333334	7.07	---
gosr2	2.618596306666667	9.52	ENSG00000108433
kti12	0.9405346286666667	4.13	ENSG00000198841
glce	4.49900215	6.82	ENSG00000138604
snf8	6.177066083333333	8.9	ENSG00000159210
atp5a1	7.034673196666666	19.1	ENSG00000152234
upf3b	4.455894758333333	6.8	ENSG00000125351
ap4b1	4.417472338333334	6.38	ENSG00000134262
auh	4.66713891	6.47	ENSG00000148090
crk	4.7395875866666675	6.28	ENSG00000167193
ppp2r1a	9.387571516666666	15.07	ENSG00000105568
commd5	3.9064878716666667	6.36	ENSG00000170619
patl1	3.6870554833333333	7.93	ENSG00000166889
atp6v1e1	6.394810233333333	9.47	ENSG00000131100
tmed9	7.033138916666667	11.87	ENSG00000184840
mterfd1	4.174247875	3.81	ENSG00000156469
pdap1	5.929156633333333	21.52	ENSG00000106244
vti1b	4.30291865	15.21	ENSG00000100568
arfgap2	4.880073065	7.61	ENSG00000149182
mrps15	13.198260321666668	10.79	ENSG00000116898
taf9	4.769580723333333	15.42	ENSG00000085231
map3k7	5.040894025	11.19	ENSG00000135341
tmed2	6.312845926666666	13.68	ENSG00000086598
calu	5.555358485	20.23	ENSG00000128595
psmd7	3.7832190000000003	8.89	ENSG00000103035
mrps34	6.731346623333334	9.83	ENSG00000074071
ppil4	4.887311478333333	5.25	ENSG00000131013
rps5	18.660897716666668	15.92	ENSG00000083845
pigk	7.98164878	25.38	ENSG00000142892
mccc1	5.643311131666667	16.06	ENSG00000078070
cnbp	4.6190785283333335	8.73	ENSG00000169714
eif2b3	7.153597721666667	7.31	ENSG00000070785
ppp2r4	8.244772728333334	18.45	ENSG00000119383
pfdn5	5.803911453333333	11.85	ENSG00000123349
ppp4c	8.953257953333333	8.12	ENSG00000149923
ube2r2	3.630165135	13.03	ENSG00000107341
lsg1	4.799809558333333	8.89	ENSG00000041802
polr2i	7.672107895	13.24	ENSG00000105258
supt6h	5.21368034	14.5	ENSG00000109111
wdr3	4.899327076666666	11.4	ENSG00000065183
lsmd1	6.2655609100000005	14.56	ENSG00000183011
wdr18	10.460593880000001	10.99	ENSG00000065268
aamp	10.91250906	12.72	ENSG00000127837
chmp2b	5.699207646666666	9.35	ENSG00000083937
rpp14	3.4356071349999997	9.14	ENSG00000163684
nom1	2.9890294183333332	7.54	ENSG00000146909
snw1	4.13408952	8.67	ENSG00000100603
glrx3	7.818796436666667	17.22	ENSG00000108010
adk	6.1130054199999995	14.7	ENSG00000156110
mtif3	5.1434817566666675	5.72	ENSG00000122033
cox7a2	7.619209198333333	14.92	ENSG00000112695
mif	13.09566139	26.77	ENSG00000240972
ipo7	5.625248858333333	8.05	ENSG00000205339
plod3	6.916196735	25.89	ENSG00000106397
pcmt1	8.107425726666667	9.86	ENSG00000120265
trappc6b	4.752055051666667	3.87	ENSG00000182400
sdha	4.602551578333333	17.5	ENSG00000073578
hnrnpul1	4.917809506666667	10.04	ENSG00000105323
atad1	3.9044284166666667	7.47	ENSG00000138138
gphn	5.8909847116666665	12.95	ENSG00000171723
dlg1	4.602604668333333	11.82	ENSG00000075711
cnot3	4.8252706199999995	7.61	ENSG00000088038
cdc16	5.103950968333334	9.23	ENSG00000130177
chmp2a	9.803101701666666	13.36	ENSG00000130724
gars	7.191944908333334	13.12	ENSG00000106105
sel1l	5.592860881666667	16.46	ENSG00000071537
higd2a	4.8771923316666665	12.78	ENSG00000146066
thtpa	3.7295220566666667	5.89	ENSG00000157306
hnrnpu	4.21627451	11.45	ENSG00000153187
acbd3	3.869767675	5.44	ENSG00000182827
txnl1	6.452077055	12.71	ENSG00000091164
polr1e	4.5911204549999995	13.46	ENSG00000137054
tubgcp4	5.402094641666666	10.88	ENSG00000137822
poldip2	7.23951136	10.36	ENSG00000004142
mcm7	4.657878075	9.3	ENSG00000166508
cops7a	6.990670158333333	10.05	ENSG00000111652
rab9a	2.7914518216666666	3.08	ENSG00000123595
psmd5	4.883030251666667	7.46	ENSG00000095261
rfc1	5.194032213333333	11.51	ENSG00000035928
nolc1	4.314141745	12.17	ENSG00000166197
sec61b	8.67558238	14.67	ENSG00000106803
pde12	4.501128248333333	4.66	ENSG00000174840
calm1	4.413844353333333	10.1	ENSG00000198668
dhx16	7.10450245	15	ENSG00000204560
gpn3	5.3919303450000005	8.04	ENSG00000111231
ywhae	6.834121781666667	17.75	ENSG00000108953
hadha	11.32626908	22.54	ENSG00000084754
taf15	4.225823598333333	6.79	ENSG00000172660
tomm40	6.611547981666666	10.59	ENSG00000130204
zcrb1	6.866570741666666	7.01	ENSG00000139168
chmp1a	7.771558763333333	11.74	ENSG00000131165
nol6	5.744241061666667	13.61	ENSG00000165271
ptcd1	3.3530428933333334	7.12	ENSG00000106246
thoc5	6.840647363333333	14.63	ENSG00000100296
ssna1	8.882020853333334	8.79	ENSG00000176101
ganab	9.893696366666667	17.75	ENSG00000089597
tuba1c	5.06910473	6.78	ENSG00000167553
gps2	6.64006001	7.89	ENSG00000132522
uba2	5.516678428333334	11.5	ENSG00000126261
psmb2	8.989427404999999	12.31	ENSG00000126067
anxa6	10.489091778333334	19.67	ENSG00000197043
uhrf1bp1l	4.814130270000001	10.02	ENSG00000111647
gipc1	9.753453661666667	10.58	ENSG00000123159
rbm39	2.5580268966666666	5.47	ENSG00000131051
chmp6	5.223269573333334	10.45	ENSG00000176108
med21	3.7014913733333334	6.05	ENSG00000152944
vbp1	7.132857206666667	8.37	ENSG00000155959
eftud1	3.9471128866666665	9.69	ENSG00000140598
prkab1	2.7469587866666667	5.18	ENSG00000111725
kiaa0196	5.64049492	18.3	ENSG00000164961
gtf3c1	6.716220183333333	13.45	ENSG00000077235
commd10	7.940386258333334	12.1	ENSG00000145781
snx12	5.612584233333333	8.35	ENSG00000147164
ubap2l	5.869134155	11.91	ENSG00000143569
copz1	11.601695848333332	13.25	ENSG00000111481
dctn4	4.370104518333333	6.23	ENSG00000132912
pgls	5.394014885000001	11.89	ENSG00000130313
paf1	5.232220245	9.94	ENSG00000006712
pi4kb	4.872892803333333	7.33	ENSG00000143393
pofut1	4.424325978333333	17.86	ENSG00000101346
bub3	4.4028604966666665	10.27	ENSG00000154473
eef2	7.255865536666667	22.62	ENSG00000167658
mapkap1	6.85888893	16.52	ENSG00000119487
pmpca	7.031836121666667	11.53	ENSG00000165688
wbscr22	9.27954131	10.27	ENSG00000071462
yars2	3.3717703566666666	6.14	ENSG00000139131
surf4	8.268547883333333	18.94	ENSG00000148248
atp5l	7.728478746666667	9.02	ENSG00000167283
chchd1	3.613528448333333	8.29	ENSG00000172586
cirh1a	6.992014965	7.74	ENSG00000141076
eif2ak4	5.568633281666666	10.1	ENSG00000128829
snx9	4.238996891666667	8.41	ENSG00000130340
drg2	7.990899641666667	9.44	ENSG00000108591
gorasp2	4.31406914	12.67	ENSG00000115806
psmd3	8.513257351666667	14.15	ENSG00000108344
rab3gap1	4.848605991666667	11.12	ENSG00000115839
tbc1d15	4.598004548333334	9.09	ENSG00000121749
oat	6.733957833333333	14.12	ENSG00000065154
tfam	3.382556313333333	8.14	ENSG00000108064
hs1bp3	4.639356195	6.33	ENSG00000118960
helz	3.494214626666667	8.59	ENSG00000198265
yif1b	10.098886556666667	22.73	ENSG00000167645
rb1cc1	6.183370905	9.01	ENSG00000023287
mrps2	4.313551003333333	5.42	ENSG00000122140
armc10	4.460150530000001	6.05	ENSG00000170632
eif2a	5.956161385	8.65	ENSG00000144895
ldha	7.798348736666667	23.93	ENSG00000134333
ndufv2	7.1366519266666675	15.54	ENSG00000178127
ubfd1	5.268098338333333	9.45	ENSG00000103353
atox1	6.6915234283333325	12.51	ENSG00000177556
pdhx	5.087474481666666	6.75	ENSG00000110435
denr	7.982177125000001	10.25	ENSG00000139726
acox1	5.349206143333333	10.84	ENSG00000161533
nrbp1	5.9376538000000005	11.76	ENSG00000115216
dennd4a	4.43763824	6.02	ENSG00000174485
prpf40a	5.6633237733333335	9.27	ENSG00000196504
ptges3	7.15002868	9.69	ENSG00000110958
prpf8	5.891539581666667	17.85	ENSG00000174231
echs1	9.203149226666666	8.42	ENSG00000127884
ubtf	4.624605708333333	13.31	ENSG00000108312
letm1	6.042006925	20.61	ENSG00000168924
guk1	11.570518561666667	12.71	ENSG00000143774
ero1l	5.420341996666666	13.46	ENSG00000197930
ddx42	3.76252509	6.5	ENSG00000198231
arfgap3	4.949214596666667	7.53	ENSG00000242247
hdhd3	2.3502980866666667	4.13	ENSG00000119431
man2b2	5.304626098333333	19.79	ENSG00000013288
arih2	5.579498621666667	11.09	ENSG00000177479
ccnk	4.402766529999999	8.83	ENSG00000090061
ctnnbl1	6.5582622299999995	19.05	ENSG00000132792
strap	8.11417267	14.8	ENSG00000023734
smarcb1	7.96616164	11.14	ENSG00000099956
tsfm	5.530426773333334	7.47	ENSG00000123297
tbca	7.88596438	14.08	ENSG00000171530
acbd5	3.858015991666667	13.34	ENSG00000107897
lrrc59	6.61435888	18.13	ENSG00000108829
lsm2	8.013732725	8.59	ENSG00000204392
wdr77	8.0580262	9.32	ENSG00000116455
tnrc6a	3.08292501	3.96	ENSG00000090905
cdc40	4.2250957399999995	5.37	ENSG00000168438
ddx21	3.9253096883333334	8.24	ENSG00000165732
trim28	7.5234185799999995	11.43	ENSG00000130726
akap9	4.3179374133333335	11.16	---
crnkl1	4.630232213333333	11.49	ENSG00000101343
coq4	3.8852868733333334	10.58	ENSG00000167113
rrp1	5.935458438333333	15.13	ENSG00000160214
mrps11	8.608470325	10.04	ENSG00000181991
hs2st1	5.527106355	16.07	ENSG00000153936
rars2	5.630138905	9.81	ENSG00000146282
mtmr3	3.68167062	6.9	ENSG00000100330
plod1	7.54080085	32.78	ENSG00000083444
med20	4.502426421666667	5.07	ENSG00000124641
mtx2	6.014492863333333	10.75	---
ccdc127	5.114471283333333	7.29	ENSG00000164366
enoph1	5.478551671666667	8.22	ENSG00000145293
cops4	8.16390823	10.66	ENSG00000138663
ormdl2	4.90158929	10.89	ENSG00000123353
ddx19a	6.563235903333333	11.75	ENSG00000168872
dnttip2	2.156012011666667	5.54	ENSG00000067334
nubp1	7.1900126066666665	9.18	ENSG00000103274
dkc1	4.126056796666666	11.62	ENSG00000130826
ptrh1	4.901254473333334	7.26	ENSG00000187024
opa1	4.757281386666667	13.59	ENSG00000198836
commd3	3.2155811516666666	5.72	ENSG00000148444
cul4b	7.078440853333333	10.72	ENSG00000158290
tor1b	4.017834286666667	7.02	ENSG00000136816
ifrd1	3.0073778533333333	5.59	ENSG00000006652
ict1	7.705028565	9.98	ENSG00000167862
med6	4.529401008333334	4.33	ENSG00000133997
arpc5l	3.940963806666667	5.41	ENSG00000136950
ckap4	4.828765613333333	10.49	ENSG00000136026
bola1	3.9153129583333333	9.47	ENSG00000178096
map4k4	4.839999475	13.54	ENSG00000071054
tmem50b	5.894923178333333	10.36	ENSG00000142188
zcchc10	4.578275254999999	2.79	ENSG00000155329
hnrnpc	7.133033041666667	18.57	ENSG00000092199
cox7c	8.9580901	19.67	ENSG00000127184
prdx5	12.911448748333333	10.3	ENSG00000126432
huwe1	4.861296298333333	18.45	ENSG00000086758
smap1	5.192324528333333	11.06	ENSG00000112305
gde1	5.068340811666667	13.66	ENSG00000006007
txnl4a	8.464602551666667	20.67	ENSG00000141759
ccnh	3.806727926666667	14.99	ENSG00000134480
snx2	5.582372516666666	9.46	ENSG00000205302
rbm42	9.189175879999999	12.86	ENSG00000126254
acad9	6.290845286666666	12.95	ENSG00000177646
ttc19	4.67230342	10.67	ENSG00000011295
pmf1	10.7401388	11.21	ENSG00000160783
scp2	6.195423198333333	22.84	ENSG00000116171
wtap	2.7882032850000003	2.95	ENSG00000146457
ints12	4.669020166666667	6.16	ENSG00000138785
rrn3	3.0412553916666667	9.92	ENSG00000085721
med19	4.141923636666666	8.27	ENSG00000156603
ilvbl	7.28923152	11.97	ENSG00000105135
golgb1	4.473681343333333	10.1	ENSG00000173230
sf3b3	4.833975826666667	13.15	ENSG00000189091
bloc1s1	5.190642875	13.2	ENSG00000135441
tmem33	5.2498586	15.95	ENSG00000109133
ndufb6	6.326987663333333	17.03	ENSG00000165264
hus1	3.3591471716666663	4.88	ENSG00000136273
ssbp1	5.628943238333333	12.24	ENSG00000106028
nt5c	4.413916071666667	7.64	ENSG00000125458
glt8d1	5.235042415	7.8	ENSG00000016864
setdb1	5.409332573333333	7.32	ENSG00000143379
cnih	7.133692796666667	10.74	ENSG00000100528
ptpn1	4.50966058	8.35	ENSG00000196396
opa3	5.035817433333333	6.24	ENSG00000125741
pde6d	7.930283238333333	8.8	ENSG00000156973
polr2g	9.162862438333333	7.21	ENSG00000168002
usp4	3.656011915	15.18	ENSG00000114316
mfn1	5.650390491666667	14.82	ENSG00000171109
rbm17	4.616507003333334	7.03	ENSG00000134453
raly	10.978839603333334	14.92	ENSG00000125970
agps	5.193005268333334	13.22	ENSG00000018510
nit1	3.02985163	6.64	ENSG00000158793
pias1	2.873718623333333	4.84	ENSG00000033800
eif4e2	6.485735513333334	11.82	ENSG00000135930
cdc37	8.188814438333333	28.42	ENSG00000105401
atxn10	7.083740341666667	18.35	ENSG00000130638
cbr4	5.205126021666667	9.31	ENSG00000145439
pcf11	3.0781389866666666	3.28	ENSG00000165494
edc4	6.62737785	9.39	ENSG00000038358
hexim1	2.318144558333333	6.95	ENSG00000186834
paip2	4.133298796666667	6.55	ENSG00000120727
aaas	10.212583604999999	10.78	ENSG00000094914
atf7ip	3.1230979133333334	7.42	ENSG00000171681
lrrc41	7.953197966666666	8.96	ENSG00000132128
sec23a	7.658625965	15.11	ENSG00000100934
pigu	8.433269031666667	17.19	ENSG00000101464
gtf2a1	4.462598156666667	5.06	ENSG00000165417
mrpl1	4.725791521666666	10.99	ENSG00000169288
pgk1	10.330898156666667	18.21	ENSG00000102144
mitd1	4.466264548333333	5.18	ENSG00000158411
ndufs6	7.433686425	22.92	ENSG00000145494
eif4g2	4.887800753333334	18.77	ENSG00000110321
psmd12	4.944358043333334	8.84	ENSG00000197170
etv6	3.6336107600000003	5.54	ENSG00000139083
trip4	4.740482666666667	13.53	ENSG00000103671
csnk2b	8.643070758333332	13.45	ENSG00000204435
snrpd1	4.09900919	8.21	ENSG00000167088
caprin1	5.4677323300000005	14.35	ENSG00000135387
etfb	7.680008849999999	15.91	ENSG00000105379
synj2bp	5.028546985	17.89	ENSG00000213463
mybbp1a	7.37602739	15.96	ENSG00000132382
atp6ap1	10.541675068333332	20.3	ENSG00000071553
wiz	4.709997674999999	6.9	ENSG00000011451
stt3b	7.849109443333333	22.03	ENSG00000163527
stoml2	9.433599763333332	12.89	ENSG00000165283
thoc7	7.905412568333333	7.9	ENSG00000163634
scrib	5.100544333333334	16.3	ENSG00000180900
nsmce1	10.063997576666667	13.21	ENSG00000169189
gnb1	7.557570791666667	18.7	ENSG00000078369
aatf	8.173310751666667	9.34	ENSG00000108270
sdf2	5.4755682100000005	9.57	ENSG00000132581
vps26b	5.791902091666667	15.23	ENSG00000151502
tomm7	4.615276726666666	13.84	ENSG00000196683
tufm	8.915786485	20.23	ENSG00000178952
wdr6	6.043363083333333	14.62	ENSG00000178252
atic	8.011175035	13.09	ENSG00000138363
cpne1	6.270471681666667	10.06	ENSG00000214078
cars	6.4611769699999995	9.76	ENSG00000110619
vapb	5.557966481666667	21.32	ENSG00000124164
zc3h13	4.31575069	9.77	ENSG00000123200
gba	6.426767321666667	14.62	ENSG00000177628
ccdc22	8.000663758333333	8.61	ENSG00000101997
prpf6	7.2249468383333335	13.34	ENSG00000101161
hccs	3.02003144	6.73	ENSG00000004961
spen	2.5310774916666667	5.74	ENSG00000065526
ttc4	3.4575889966666664	6.7	ENSG00000243725
fgfr1op2	4.509281335	7.6	ENSG00000111790
pdcd2	4.6037227099999996	7.12	ENSG00000071994
bclaf1	3.5976102083333337	10.62	ENSG00000029363
ap2a2	7.357764923333334	19.78	ENSG00000183020
exoc4	5.541230456666667	14.58	ENSG00000131558
nampt	4.891277446666667	16.89	ENSG00000105835
rars	6.682638136666667	9.77	ENSG00000113643
ccar1	4.2626871799999995	9.64	ENSG00000060339
rnf121	7.131996634999999	8.33	ENSG00000137522
rnf11	4.2960891466666675	8.19	ENSG00000123091
wars2	5.701698853333334	7.51	ENSG00000116874
wdr46	7.989115873333334	9.97	ENSG00000227057
ppp4r2	4.33251555	6.35	ENSG00000163605
cpd	5.666305201666666	18.26	ENSG00000108582
nqo2	5.7784133849999995	14.41	ENSG00000124588
wapal	3.401297691666667	6.77	ENSG00000062650
cux1	4.67714481	10.04	ENSG00000160967
txnrd1	4.87748273	9.04	ENSG00000198431
trnt1	2.4971468383333333	6.72	ENSG00000072756
dcakd	6.235604313333334	13.75	ENSG00000172992
bcap31	10.065043115	16.34	ENSG00000185825
prkag1	8.993282453333334	9.52	ENSG00000181929
cdc27	4.899876128333333	5.45	ENSG00000004897
atg16l1	2.903606845	4.26	ENSG00000085978
ntan1	8.004027325000001	7.91	ENSG00000157045
tmem126a	6.358326495	8.74	ENSG00000171202
wdr74	4.043135048333333	6.5	ENSG00000133316
ube4a	6.041168395	13.42	ENSG00000110344
sec62	5.886247018333333	13.81	ENSG00000008952
erap1	6.084522808333333	18.73	ENSG00000164307
fam3a	7.327830198333333	15.6	ENSG00000071889
canx	5.811890908333334	28.8	ENSG00000127022
ufsp2	4.4089771566666665	8.97	ENSG00000109775
ogfod1	5.199625166666666	11.01	ENSG00000087263
ercc1	6.800079273333334	7.71	ENSG00000012061
phf10	4.609222838333333	6.7	ENSG00000130024
wdr81	4.609715085	8.57	---
znf330	3.5777460966666665	6.46	ENSG00000109445
tsta3	8.959230504999999	8.31	ENSG00000104522
ranbp3	6.0668850616666665	8.08	ENSG00000031823
mrps25	3.2840485916666666	10.09	ENSG00000131368
lig3	5.417372858333334	7.09	ENSG00000005156
cops3	5.353580515	7.8	ENSG00000141030
hscb	4.882388063333334	9.3	ENSG00000100209
zc3h18	5.018902025	11.28	ENSG00000158545
adsl	7.977156658333333	12.77	ENSG00000239900
ddx10	4.260569731666667	14.32	ENSG00000178105
rapgef2	3.2533700666666667	4.81	ENSG00000109756
ndufb10	10.368459008333334	15.57	ENSG00000140990
ubl7	9.568738513333333	11.71	ENSG00000138629
zcchc9	4.427096118333334	3.89	ENSG00000131732
apex1	6.195179545	8.43	ENSG00000100823
arhgef11	4.798630851666667	9.32	ENSG00000132694
atxn2l	5.296494078333334	6.83	ENSG00000168488
tbcd	8.292183551666666	21.4	ENSG00000141556
dctd	5.141221906666667	10.88	ENSG00000129187
sf1	3.6612330133333333	10.58	ENSG00000168066
ctsd	9.24472437	27.46	ENSG00000117984
srm	7.953771151666667	9.63	ENSG00000116649
rala	5.876518308333333	16.06	ENSG00000006451
tmem14c	8.86816548	13.84	ENSG00000111843
pdcd6ip	5.799644428333334	20.74	ENSG00000170248
rpl31	1.6319635848333334	9.86	ENSG00000071082
psmg3	3.366705336666667	5.99	ENSG00000157778
bag1	4.296053608333334	20.34	ENSG00000107262
sec23ip	5.604733895	10.63	ENSG00000107651
phf23	2.965504095	3.9	ENSG00000040633
arf5	7.076701314999999	13.42	ENSG00000004059
ccdc137	4.348196716666666	6.78	ENSG00000185298
cdc23	4.7878261166666665	10.46	ENSG00000094880
alg5	5.1166404850000005	8.93	ENSG00000120697
ndufb11	11.097047461666667	14.96	ENSG00000147123
psma4	7.613400943333334	11.45	ENSG00000041357
rangap1	6.2034711866666665	11.73	ENSG00000100401
mrps18b	5.449591463333333	7.48	ENSG00000204568
gatad2a	5.07021614	12.84	ENSG00000167491
mtm1	5.026793868333333	7.64	ENSG00000171100
rbm5	2.9383602150000003	4.21	ENSG00000003756
pdcd5	5.551265946666666	15.7	ENSG00000105185
smad2	4.284177153333333	7.85	ENSG00000175387
oxnad1	4.796568541666667	7.61	ENSG00000154814
rad50	5.083738385	13.17	ENSG00000113522
emd	9.82552052	13.29	ENSG00000102119
echdc1	7.2795229783333335	9.73	ENSG00000093144
sf3b14	6.3014815650000005	11.52	ENSG00000115128
fadd	4.333879643333333	8.06	ENSG00000168040
ilf2	5.644890028333333	9.51	ENSG00000143621
ubl5	6.166971375	16.31	ENSG00000198258
rpl14	5.72737389	16.42	ENSG00000188846
wdr12	5.972294291666667	12.85	ENSG00000138442
rpn2	7.709373465	26.48	ENSG00000118705
esf1	2.9281727416666663	5.54	ENSG00000089048
bnip1	3.5846851083333333	5.09	ENSG00000113734
ccny	5.041895786666667	12.54	ENSG00000108100
nup85	5.705266841666667	8.68	ENSG00000125450
med31	2.9334337533333334	5.98	ENSG00000108590
wdr26	3.09861351	9.35	ENSG00000162923
bms1	4.23482382	13.95	ENSG00000165733
ssb	4.440533501666667	8.69	ENSG00000138385
ncl	3.6521325200000003	27.85	ENSG00000115053
ndufs4	6.661012421666666	21.39	ENSG00000164258
lsm4	10.19431433	15.22	ENSG00000130520
polr2d	3.9657462716666667	4.67	ENSG00000144231
mrps9	5.883456385000001	7.72	ENSG00000135972
rfk	4.425367921666666	13.21	ENSG00000135002
xpo1	5.161099498333333	7.84	ENSG00000082898
gtf2f1	6.1598399383333335	9.36	ENSG00000125651
wwp2	5.444473103333333	8.12	ENSG00000198373
exoc7	8.164931145	17.77	ENSG00000182473
clns1a	6.4346339666666665	10.11	ENSG00000074201
mrpl41	5.716173084999999	13.64	ENSG00000182154
grwd1	3.4688749766666667	6.89	ENSG00000105447
dph5	8.841582456666666	5.3	ENSG00000117543
psmf1	6.512530245	13.51	ENSG00000125818
tfb1m	4.003346723333333	4.98	ENSG00000029639
dync1li1	5.776995043333333	7.05	ENSG00000144635
gpx4	17.192345049999997	17.52	ENSG00000167468
cisd1	6.003226758333333	14.11	ENSG00000122873
nol8	3.4138486916666664	5.48	ENSG00000198000
adnp	2.8270448333333333	4.27	ENSG00000101126
hars2	3.6977078666666667	15.39	ENSG00000112855
suclg2	8.233676151666666	14.19	ENSG00000172340
atp6v1g1	4.8941181516666665	8.95	ENSG00000136888
cpsf3l	6.433961006666666	11.4	ENSG00000127054
memo1	6.697622723333334	9.3	ENSG00000162959
stx4	4.982348223333333	9.11	ENSG00000103496
eif2s1	5.036505795	11.92	ENSG00000134001
itch	3.9066429966666667	8.49	ENSG00000078747
hdac3	6.892349095	11.37	ENSG00000171720
mbnl2	3.403742993333333	7.33	ENSG00000139793
atp6v1f	8.011708281666667	10.89	ENSG00000128524
med10	3.4434590633333335	7.34	ENSG00000133398
vps36	4.928908851666667	11.58	ENSG00000136100
selt	5.71003553	14.58	ENSG00000198843
ccdc51	5.3175062183333335	4.8	ENSG00000164051
alkbh5	4.701210073333333	6.7	ENSG00000091542
cct3	7.785247621666667	13.66	ENSG00000163468
ndufs5	13.243153315	18.34	ENSG00000168653
cpsf2	4.728663963333333	12.87	ENSG00000165934
galnt2	5.754410513333334	17.17	ENSG00000143641
snap29	5.579075016666667	7.99	ENSG00000099940
rpa2	5.539036775	5.33	ENSG00000117748
tyw1	3.7815194300000003	15.68	ENSG00000198874
timm13	7.435349421666667	14.74	ENSG00000099800
eif1	3.0920750100000003	5.39	ENSG00000173812
dr1	4.867635086666667	5.27	ENSG00000117505
use1	9.963702334999999	12.69	ENSG00000053501
mif4gd	4.994579423333334	8.45	ENSG00000125457
lias	4.629053523333334	8.16	ENSG00000121897
acin1	5.139190731666667	15.01	ENSG00000100813
eny2	7.348681095	16.24	ENSG00000120533
chrac1	4.750811458333334	7.06	ENSG00000104472
ddx47	4.435221255	7.25	ENSG00000213782
krr1	4.5787749600000005	7.81	ENSG00000111615
g3bp1	4.589394488333334	7.52	ENSG00000145907
qars	12.819435606666667	16.3	ENSG00000172053
mars	7.121969543333334	16.23	ENSG00000166986
wdr1	8.50747333	12.34	ENSG00000071127
dynlrb1	6.69823554	8.44	ENSG00000125971
commd9	5.471268171666667	6.07	ENSG00000110442
pik3c3	4.047310493333333	9.2	ENSG00000078142
rrm1	7.0743890616666665	16.01	ENSG00000167325
serpinb6	7.8573209749999995	11.73	ENSG00000124570
ppp5c	9.080364215	10.43	ENSG00000011485
wipi2	5.694180055	10.43	ENSG00000157954
flad1	4.914398036666666	9.92	ENSG00000160688
psmc2	7.020839051666667	10.81	ENSG00000161057
atp6v1d	5.587149015	8.41	ENSG00000100554
abcf1	5.061967575	16.96	ENSG00000204574
ddx49	7.311029803333333	9.68	ENSG00000105671
tbcb	11.985427056666667	13.53	ENSG00000105254
cox6c	12.117360376666666	13.98	ENSG00000164919
mbd3	6.617891421666667	12.02	ENSG00000071655
immt	6.659463746666666	16.26	ENSG00000132305
uqcrc2	7.475756316666667	11.55	ENSG00000140740
syap1	6.2917423800000005	12.38	ENSG00000169895
atad3a	7.6322112	9.04	ENSG00000197785
thada	4.560811395	9.63	ENSG00000115970
larp1	4.764343325	11.18	ENSG00000155506
mtfr1	6.708788588333333	7.97	ENSG00000066855
sugt1	5.0576574333333335	12.25	ENSG00000165416
ctnnd1	5.813959158333334	12.04	ENSG00000198561
rbm10	7.746000405	11.82	ENSG00000182872
tsn	4.8330458033333334	11.8	ENSG00000211460
trip12	5.78465803	12.77	ENSG00000153827
tbc1d9b	7.255958381666667	15.35	ENSG00000197226
tsen34	5.7278618933333325	11.88	ENSG00000170892
pfdn4	5.1792683083333335	6.63	ENSG00000101132
sltm	3.9766429083333334	8.27	ENSG00000137776
ate1	3.6920930233333333	7.98	ENSG00000107669
utp15	3.808567455	4.24	ENSG00000164338
sympk	8.284220973333333	17.52	ENSG00000125755
cops7b	5.404458686666667	8.49	ENSG00000144524
rsl1d1	3.968376816666667	6.82	ENSG00000171490
pdlim5	4.6832525233333335	8.34	ENSG00000163110
gltp	5.475490116666666	12.79	ENSG00000139433
eif1ad	2.2221399666666666	8.72	ENSG00000175376
lyrm5	4.2000125950000005	6.75	ENSG00000205707
arf6	3.0973686700000003	6.95	ENSG00000165527
hnrnpab	4.924660486666666	13	ENSG00000197451
rab10	5.479740838333333	12.61	ENSG00000084733
rpp30	5.000747846666667	6.02	ENSG00000148688
dnajc9	3.3781826883333332	11.42	ENSG00000213551
slc35b2	5.578333388333333	9.51	ENSG00000157593
fars2	5.95826568	18.22	ENSG00000145982
ndufa6	5.581025563333333	13.29	ENSG00000184983
cmas	6.363107666666666	11.04	ENSG00000111726
zgpat	4.869113173333333	4.57	ENSG00000197114
med8	4.343383838333334	8.73	ENSG00000159479
arhgap5	4.7228691650000005	5.54	ENSG00000100852
mus81	5.1534380183333335	5.73	ENSG00000172732
pcyt1a	4.92694718	13.08	ENSG00000161217
ddx19b	6.092047603333333	11.75	ENSG00000157349
tsr1	3.5944573933333337	5.87	ENSG00000167721
psmc5	7.438351205	10.55	ENSG00000087191
ranbp1	7.970016806666666	8.23	ENSG00000099901
ptp4a2	5.004640158333333	13.21	ENSG00000184007
ythdf3	3.3153793166666667	4.89	ENSG00000185728
zmpste24	6.38746349	17.48	ENSG00000084073
anp32e	4.55029396	20.47	ENSG00000143401
mrpl55	4.522852723333333	7.97	ENSG00000162910
lsm3	7.37017335	6.82	ENSG00000170860
cmpk1	5.182028046666667	11.96	ENSG00000162368
tsg101	6.137929895	10.99	ENSG00000074319
iscu	4.7731690250000005	8.6	ENSG00000136003
rfc5	3.7847479	6.59	ENSG00000111445
sdf4	8.39193027	23	ENSG00000078808
sap30bp	4.99516227	6.93	ENSG00000161526
cog1	4.027101786666667	10.81	ENSG00000166685
tiprl	6.9153614150000005	11.26	ENSG00000143155
arfip1	4.800184436666667	8.88	ENSG00000164144
actr10	8.888056365	16.7	ENSG00000131966
htra2	4.812482954999999	8.47	ENSG00000115317
mrpl43	4.94559547	6.53	ENSG00000055950
tor3a	4.216543018333334	8.6	ENSG00000186283
epm2aip1	1.1267999626666667	3.94	ENSG00000178567
mrpl48	6.620861540000001	9.54	ENSG00000175581
gnb2	8.389597213333333	15.44	ENSG00000172354
cttn	6.958666025	12.45	ENSG00000085733
mtmr6	6.009008791666667	9.36	ENSG00000139505
uba3	6.797070434999999	6.48	ENSG00000144744
spag9	4.542109223333333	12.81	ENSG00000008294
capns1	15.08192293	15.09	ENSG00000126247
ndufa9	7.804958996666667	17.47	ENSG00000139180
dpm1	4.724540383333333	12.05	ENSG00000000419
mgat2	2.4943988816666667	7.35	ENSG00000168282
atp5d	11.042080656666666	16.9	ENSG00000099624
armc8	4.1624787549999995	9.14	ENSG00000114098
mrps12	4.168796021666667	9.67	ENSG00000128626
wdr55	3.8029920366666667	9.79	ENSG00000120314
dap3	8.337256606666667	21.97	ENSG00000132676
rbm28	5.215279663333333	14.23	ENSG00000106344
cbx5	5.026507528333334	8.51	ENSG00000094916
fto	5.440357756666667	12.76	ENSG00000140718
jagn1	3.3649765216666667	6.73	ENSG00000171135
eif5a	5.13662565	12.63	ENSG00000132507
imp4	5.06975645	11.84	ENSG00000136718
hnrnpa2b1	2.9388224766666666	15.04	ENSG00000122566
trappc4	5.798702996666666	8.31	ENSG00000196655
snx3	8.030441513333333	14.36	ENSG00000112335
iars2	6.677810046666666	13.01	ENSG00000067704
exoc8	1.9452316349999998	6.04	ENSG00000116903
tfip11	3.696499836666667	8.32	ENSG00000100109
ap3b1	5.65746054	22.07	ENSG00000132842
irf2bp1	3.22148561	5.6	ENSG00000170604
arcn1	5.339944116666667	11.11	ENSG00000095139
skiv2l	7.031261533333334	11.34	ENSG00000204351
hnrnpa0	3.9798173916666664	13.71	ENSG00000177733
exosc1	9.684499185	6.68	ENSG00000171311
srp68	5.84142206	8.23	ENSG00000167881
acot9	5.868803655	11.79	ENSG00000123130
ptpn11	5.09762604	12.65	ENSG00000179295
dhx32	4.979152088333334	11.41	ENSG00000089876
tfb2m	3.9280608349999997	8.2	ENSG00000162851
hagh	7.8038777066666665	13.68	ENSG00000063854
ube4b	5.574474178333333	13	ENSG00000130939
rrs1	2.0633487483333335	4.67	ENSG00000179041
gns	7.24107756	16.02	ENSG00000135677
ndnl2	2.86031008	4.06	ENSG00000185115
inf2	4.55064104	9.3	ENSG00000203485
tubgcp2	8.596878779999999	11.99	ENSG00000130640
papola	6.378369875000001	13.72	ENSG00000090060
ppa2	4.574469568333333	10.78	ENSG00000138777
mrpl51	6.206208463333334	11.51	ENSG00000111639
eif3k	9.803853246666668	15.06	ENSG00000178982
ddx1	6.456438383333333	12.64	ENSG00000079785
telo2	6.836590903333333	7.72	ENSG00000100726
mrpl32	3.8046201416666667	6.39	ENSG00000106591
mrpl47	6.093011008333334	4.47	ENSG00000136522
magoh	4.287555201666667	8.15	ENSG00000162385
mrpl14	5.016936288333333	11.69	ENSG00000180992
uck2	4.583341785	6.3	ENSG00000143179
pex14	4.605578601666666	11.56	ENSG00000142655
pitpna	7.180083565	27.47	ENSG00000174238
ascc3	3.9395010216666666	14.13	ENSG00000112249
tmem9	6.239905003333333	15.91	ENSG00000116857
mad2l1bp	1.6927564766666667	2.64	ENSG00000124688
arfgef2	4.674917443333333	13.63	ENSG00000124198
glrx2	5.209502886666667	17.16	ENSG00000023572
nfu1	6.965809883333334	9.4	ENSG00000169599
tardbp	3.198650391666667	9.27	ENSG00000120948
ppfia1	4.258601958333333	11.17	ENSG00000131626
gpn1	5.837190278333334	7.74	ENSG00000198522
pold2	10.427933511666668	12.98	ENSG00000106628
ube2d2	5.998461108333333	8.26	ENSG00000131508
snrpd2	9.449092463333333	17.15	ENSG00000125743
prcc	4.709545718333334	6.98	ENSG00000143294
fis1	6.4076007200000005	16.45	ENSG00000214253
ppp2r5e	4.340223871666667	9.47	ENSG00000154001
vdac3	10.168732463333333	11.51	ENSG00000078668
pabpn1	4.777910978333334	9.73	ENSG00000100836
impad1	5.530262218333333	7.67	ENSG00000104331
dctn2	9.952584096666667	11.62	ENSG00000175203
vps29	4.992390901666667	9.29	ENSG00000111237
ndufb3	8.452699814999999	9.67	ENSG00000119013
pusl1	4.985425951666667	6.27	ENSG00000169972
akt1	10.283918401666666	15.99	ENSG00000142208
polr2a	5.19315225	13.96	ENSG00000181222
nup153	3.5646364516666664	4.51	ENSG00000124789
znf326	3.86288897	9.38	ENSG00000162664
pebp1	8.35803507	17.26	ENSG00000089220
brd4	4.42967017	8.35	ENSG00000141867
pak2	4.796191820000001	9.61	ENSG00000180370
trim26	4.753990251666666	6.8	ENSG00000234127
rpl7l1	3.942952295	8.64	ENSG00000146223
srprb	5.656721646666667	14.78	ENSG00000144867
capn1	9.171895619999999	16.52	ENSG00000014216
gtpbp4	4.797557218333334	6.86	ENSG00000107937
casc3	5.0704796283333335	4.87	ENSG00000108349
stip1	7.23723417	16.72	ENSG00000168439
hdgf	8.976540963333333	17.59	ENSG00000143321
epn1	5.061864623333333	12.29	ENSG00000063245
lsm14a	4.791894396666667	5.99	ENSG00000105216
smek2	4.804164145	6.61	ENSG00000138041
cstf2t	2.364088685	4.78	ENSG00000177613
lsm6	3.474292226666667	9.32	ENSG00000164167
nup107	5.92490585	8.54	ENSG00000111581
mta2	6.9911018899999995	8.5	ENSG00000149480
wbp4	3.2086785166666667	7.7	ENSG00000120688
gfer	4.348007878333333	7.56	ENSG00000127554
gtf2h5	7.376234126666666	11.35	ENSG00000185068
yars	7.784789251666667	9.84	ENSG00000134684
zmat2	4.78729618	13.42	ENSG00000146007
vps4a	7.360915715	9.55	ENSG00000132612
cul4a	5.959060223333334	9.73	ENSG00000139842
anxa7	7.00921425	12.58	ENSG00000138279
nono	5.4914898616666665	15.08	ENSG00000147140
scyl1	5.846883918333333	10.98	ENSG00000142186
mms19	5.189581048333333	9.51	ENSG00000155229
glrx5	5.999360866666667	12.91	ENSG00000182512
znf259	4.7942996566666665	9.26	ENSG00000109917
farsb	5.675904345	10.5	ENSG00000116120
stau1	5.758603283333333	10.51	ENSG00000124214
capza2	5.31895937	9.06	ENSG00000198898
hgs	7.210671365	12	ENSG00000185359
golga1	4.394677745	7.93	ENSG00000136935
tbk1	4.106794896666667	4.75	ENSG00000183735
plaa	4.7160799283333334	12.93	ENSG00000137055
rbbp4	5.903566361666666	18.27	ENSG00000162521
ndufa10	4.712393463333333	14.2	ENSG00000130414
arih1	3.6673309549999997	10.72	ENSG00000166233
atp5f1	7.847271433333333	11.66	ENSG00000116459
slc27a4	7.421108411666666	20.67	ENSG00000167114
golga3	4.786879021666667	10.32	ENSG00000090615
ppp4r1	5.3028572233333335	10.2	ENSG00000154845
eif4h	6.9848355133333335	14.77	ENSG00000106682
dhx38	6.228181376666667	12.22	ENSG00000140829
zc3h11a	3.193564588333333	5.48	ENSG00000058673
upf1	4.58172168	7.48	ENSG00000005007
mapre2	5.066654071666666	16.13	ENSG00000166974
magt1	7.39383609	10.11	ENSG00000102158
chchd4	4.082199575	5.75	ENSG00000163528
dhx33	4.326840375000001	4.89	ENSG00000005100
psme3	5.666935176666667	10.01	ENSG00000131467
ibtk	3.8496029366666664	6.96	ENSG00000005700
tcf20	4.676576965	8.1	ENSG00000100207
rint1	4.777956683333333	5.9	ENSG00000135249
med13	3.4654700800000002	4.4	ENSG00000108510
rab22a	4.946978226666667	6.5	ENSG00000124209
pmpcb	4.561171245	14.42	ENSG00000105819
mbd2	4.766751186666666	11.1	ENSG00000134046
tm9sf4	5.371961215	11.58	ENSG00000101337
snrpb	6.193112628333334	13.85	ENSG00000125835
prkaa1	4.4152199083333326	5.1	ENSG00000132356
tceb1	5.114682985	8.96	ENSG00000154582
rab11b	4.825075648333334	15.3	ENSG00000185236
fam32a	4.015377993333334	11.39	ENSG00000105058
gabarap	10.49534466	18.48	ENSG00000170296
ppwd1	4.729983205	4.44	ENSG00000113593
scamp3	9.423686831666666	12.34	ENSG00000116521
chchd3	6.63984286	15.44	ENSG00000106554
clptm1	8.563039421666668	23.72	ENSG00000104853
ndufa3	9.126823841666667	12	ENSG00000170906
ubqln4	6.257927298333333	8.41	ENSG00000160803
abhd10	4.99843009	4.03	ENSG00000144827
xpot	5.025307926666667	13.75	ENSG00000184575
stxbp3	4.392843395	4.92	ENSG00000116266
trappc3	6.933563923333334	8.4	ENSG00000054116
dda1	5.135623623333333	9.46	ENSG00000130311
cul5	5.010083213333333	9.4	ENSG00000166266
pes1	5.6755531333333336	17.79	ENSG00000100029
pld3	9.66260937	29.65	ENSG00000105223
cnot1	4.7266349566666666	13.1	ENSG00000125107
pwp2	7.426774931666667	7.51	ENSG00000241945
rad1	3.68550374	4.18	ENSG00000113456
vti1a	4.57315295	11.17	ENSG00000151532
ube2d3	4.531802501666666	11.05	ENSG00000109332
psen1	6.268962285	12.69	ENSG00000080815
bzw1	5.2345375716666664	11.06	ENSG00000082153
eif3b	8.460509526666666	18.19	ENSG00000106263
mrps18c	5.427255676666666	7.97	ENSG00000163319
smad4	4.649391696666667	7.44	ENSG00000141646
abcf2	5.475627636666667	14.44	ENSG00000033050
bckdha	7.545789176666667	16.72	ENSG00000142046
lap3	5.791279383333333	17.04	ENSG00000002549
anapc7	6.192431021666667	10.62	ENSG00000196510
sec11a	7.544249253333334	10.66	ENSG00000140612
tmpo	5.340261636666667	9.33	ENSG00000120802
scfd2	6.120908836666667	11.93	ENSG00000184178
ap1g1	5.368366345	6.01	ENSG00000166747
eif5b	4.645290016666666	20.53	ENSG00000158417
hsd17b10	12.549714876666666	15.09	ENSG00000072506
aup1	5.907586921666667	10.06	ENSG00000115307
ide	5.9282353699999994	16.32	ENSG00000119912
flot2	10.470943038333333	17.22	ENSG00000132589
ddx3x	3.7382082166666666	6.23	ENSG00000215301
golga2	5.436792228333333	13.03	ENSG00000167110
ash2l	5.864437976666666	12.51	ENSG00000129691
apip	6.475608046666666	10.44	ENSG00000149089
cdv3	4.230122281666667	6.89	ENSG00000091527
ddx54	5.416696908333334	15.51	ENSG00000123064
iars	6.213893946666667	14.73	ENSG00000196305
clk3	3.2381895516666663	5.04	ENSG00000179335
sec22b	7.351913266666667	8.29	ENSG00000223380
rab5c	7.771049635	13.13	ENSG00000108774
ccnl1	0.9369498113333333	2.21	ENSG00000163660
abcb7	8.460508443333334	12.51	ENSG00000131269
hnrnpr	4.7982266466666665	9.38	ENSG00000125944
cc2d1b	4.295321026666667	8.13	ENSG00000154222
slc35b1	5.0924698	11.41	ENSG00000121073
snd1	9.302990296666668	22.09	ENSG00000197157
urm1	7.0835576133333324	10.74	ENSG00000167118
rab2a	5.973732673333333	11.61	ENSG00000104388
psme1	8.325390128333334	15.58	ENSG00000092010
med24	7.7998280116666665	12.35	ENSG00000008838
ociad1	5.670082565	10.95	ENSG00000109180
mrrf	4.013487733333333	15.7	ENSG00000148187
nup133	5.52298338	16.25	ENSG00000069248
lars2	5.429208926666666	9.61	ENSG00000011376
ube2j1	5.135471893333333	8.31	ENSG00000241519
acp1	5.846831881666666	7.93	ENSG00000143727
wdr33	3.4789499816666667	8.53	ENSG00000136709
prep	6.706141883333333	13.03	ENSG00000085377
nif3l1	4.314929065	7.33	ENSG00000196290
picalm	6.8676536383333335	9.37	ENSG00000073921
fbxo6	4.85781524	12.22	ENSG00000116663
sod1	8.478893496666666	14.86	ENSG00000142168
mrpl33	4.985558681666666	7.95	ENSG00000243147
casp3	4.044086818333333	6.27	ENSG00000164305
metap1	5.484994136666667	8.06	ENSG00000164024
pex16	4.777956683333333	8.32	ENSG00000121680
tprg1l	4.093554903333334	11.2	ENSG00000158109
znf593	5.078671926666667	7.86	ENSG00000142684
timm17b	11.766148756666666	20.75	ENSG00000126768
trmt1	6.839678881666667	9.04	ENSG00000104907
lrrc8a	3.8527537466666666	4.31	ENSG00000136802
sart3	4.7710427766666665	8.34	ENSG00000075856
ttc1	5.887588429999999	6.02	ENSG00000113312
txndc12	6.9799329383333335	11.47	ENSG00000117862
dhx9	4.6856274099999995	13.86	ENSG00000135829
mcat	3.56361939	6.29	ENSG00000100294
rnaseh2c	5.377027193333333	12.09	ENSG00000172922
pcna	3.5335645616666667	10.44	ENSG00000132646
vamp5	5.639298955	8.78	ENSG00000168899
irgq	4.6024213566666665	5.99	ENSG00000167378
atp5j	6.406205821666666	12.15	ENSG00000154723
ppif	4.460013228333334	5.49	ENSG00000108179
yipf4	5.906489385	10.65	ENSG00000119820
urod	7.114263563333334	14.67	ENSG00000126088
cnot2	4.441086858333334	5.09	ENSG00000111596
vars2	5.17481333	14.67	ENSG00000137411
mrpl49	5.494425451666667	7.96	ENSG00000149792
ccdc92	6.01954579	9.85	ENSG00000119242
rap1a	4.428122881666667	8.5	ENSG00000116473
ppp2r5d	8.040779228333333	14.64	ENSG00000112640
u2af2	8.770056158333334	11.38	ENSG00000063244
tmem199	3.1414259633333335	5.42	ENSG00000244045
mcts1	4.947626998333333	5.07	ENSG00000232119
clcc1	5.527360733333333	10.12	ENSG00000121940
rpa3	5.449362053333333	8.42	ENSG00000106399
mrpl10	4.102033548333333	7.75	ENSG00000159111
psmd9	5.972667001666666	11.97	ENSG00000110801
snx4	5.15862926	12.33	ENSG00000114520
rbm8a	3.0567378266666667	12.89	ENSG00000131795
kpna1	5.193421551666666	6	ENSG00000114030
hyou1	6.3942937466666665	24.35	ENSG00000149428
grpel1	2.3979590483333335	17.32	ENSG00000109519
ptpmt1	5.162503673333333	9.58	ENSG00000110536
ppp2r5c	6.1665328116666664	12.34	ENSG00000078304
hnrnpk	5.080601931666666	10.03	ENSG00000165119
timm17a	4.6411231866666665	6.65	ENSG00000134375
gramd4	5.012657098333333	5.05	ENSG00000075240
znf598	5.5458295433333324	9.27	ENSG00000167962
ints1	6.568777585	23.4	ENSG00000164880
znf207	3.7303191933333335	7.84	ENSG00000010244
rbm14	4.5588858100000005	10.9	ENSG00000239306
psmc3	7.240628665	13.49	ENSG00000165916
kiaa2013	3.1477179533333333	8.42	ENSG00000116685
uqcrb	1.961300225	7.45	ENSG00000156467
smg5	5.583055085	9.52	ENSG00000198952
sec24c	6.736557881666667	12.04	ENSG00000176986
stim1	5.892911625	17.44	ENSG00000167323
fen1	3.5747365149999997	5.42	ENSG00000168496
nsmce2	6.25523991	9.49	ENSG00000156831
aasdhppt	5.505911818333333	9.01	ENSG00000149313
anp32a	5.0972071266666665	15.78	ENSG00000140350
uchl3	6.763314533333333	11.32	ENSG00000118939
cox5b	6.570180738333334	10.94	ENSG00000135940
ube3c	4.701630961666667	14.02	ENSG00000009335
ehmt1	5.562973638333333	5.66	ENSG00000181090
mrpl30	5.045836958333334	11.02	ENSG00000185414
taf12	6.357610363333333	9.34	ENSG00000120656
polr1d	5.522150795	4.99	ENSG00000186184
mtmr1	5.470696351666667	10.07	ENSG00000063601
setd6	3.4029027249999997	8.58	ENSG00000103037
sumo1	7.061508193333333	11.28	ENSG00000116030
ddx18	5.1775825499999995	10.79	ENSG00000088205
rpl30	10.709327994999999	13.62	ENSG00000156482
idh3a	8.798297421666666	11.98	ENSG00000166411
mrps10	3.820742703333333	5.16	ENSG00000048544
dnajc8	8.314902301666667	9.34	ENSG00000126698
utp14a	3.6980374350000003	7.82	ENSG00000156697
osbpl9	4.956455515	10.32	ENSG00000117859
gpi	10.108023771666666	27.15	ENSG00000105220
rmi1	4.1133473233333335	3.69	ENSG00000178966
scaf1	5.478109258333333	10.44	ENSG00000126461
pepd	12.560084354999999	15.46	ENSG00000124299
utp3	2.6793549016666662	5.37	ENSG00000132467
hdlbp	4.075273493333333	18.67	---
lrrc47	6.13143384	10.83	ENSG00000130764
dctn6	4.299035275	6.86	ENSG00000104671
elac2	7.373207788333334	11.69	ENSG00000006744
sdhc	7.2267633600000005	12.94	ENSG00000143252
stam2	6.34068732	13.9	ENSG00000115145
tnpo3	4.821954320000001	13.61	ENSG00000064419
glo1	7.3334199233333335	7.79	ENSG00000124767
sra1	4.498386569999999	9.94	ENSG00000213523
fbxl15	4.768916246666667	7.28	ENSG00000107872
clint1	5.07196073	10.86	ENSG00000113282
trappc1	8.436025805	9.29	ENSG00000170043
hint2	7.496754068333333	10.65	ENSG00000137133
ranbp2	4.6904458416666674	6.66	ENSG00000153201
nars	5.146568856666667	12.74	ENSG00000134440
gclm	6.028494516666667	6.73	ENSG00000023909
xrcc5	6.377963866666667	14.92	ENSG00000079246
sar1a	4.747414488333334	10.84	ENSG00000079332
txn2	6.815399376666666	13.07	ENSG00000100348
cpsf6	5.454056984999999	10.6	ENSG00000111605
vamp3	5.646763725	9.44	ENSG00000049245
tmem120a	6.012641421666667	12.83	ENSG00000189077
thrap3	4.5235171	8.18	ENSG00000054118
dera	7.49145371	12.28	ENSG00000023697
eif3i	10.600440115	12.07	ENSG00000084623
rdx	6.07510555	13.2	ENSG00000137710
nol12	4.697644288333334	11.46	ENSG00000100101
ap1b1	10.291029941666666	15.36	ENSG00000100280
zmym2	4.557469616666666	4.23	ENSG00000121741
sars	8.587087603333334	11.83	ENSG00000031698
ube2l3	5.169595941666667	13.51	ENSG00000185651
vps53	4.378801145	15.83	ENSG00000141252
hp1bp3	3.9210243416666666	9.22	ENSG00000127483
cope	12.771830936666667	13.59	ENSG00000105669
creg1	6.6666268099999995	17.24	ENSG00000143162
abhd12	5.649387934999999	17.49	ENSG00000100997
ube2a	5.641280996666667	15.29	ENSG00000077721
sdhd	4.008822558333334	9.09	ENSG00000204370
dhx29	4.817943313333333	15.54	ENSG00000067248
dph2	5.363341344999999	5.36	ENSG00000132768
mrpl21	9.154688688333332	11.86	ENSG00000197345
fzr1	5.341403541666667	8.52	ENSG00000105325
cinp	4.668691731666667	11.03	ENSG00000100865
aftph	3.939688703333333	5.23	ENSG00000119844
rabggta	6.4541804250000006	7.76	ENSG00000100949
ncstn	4.5609902516666665	13.78	ENSG00000162736
ube2h	4.312357676666666	8.89	ENSG00000186591
rbbp7	5.457728643333334	11.72	ENSG00000102054
smc1a	5.120989421666667	18.35	ENSG00000072501
fbxo38	3.59795891	7.68	ENSG00000145868
anp32b	4.44449754	15.87	ENSG00000136938
snx18	4.494030423333333	3.98	ENSG00000178996
tmem19	6.708537825	10.76	ENSG00000139291
mrps31	5.3057256766666665	6.13	ENSG00000102738
ergic3	14.700912821666666	17.35	ENSG00000125991
ppcs	2.8934118100000004	3.98	ENSG00000127125
elavl1	4.972309883333334	9.44	ENSG00000066044
ube3a	4.529007531666666	4.89	ENSG00000114062
iws1	4.606911876666667	9.96	ENSG00000163166
bsg	11.839545216666666	20.97	ENSG00000172270
ubl3	5.011454208333333	7.93	ENSG00000122042
fam118b	5.3084090250000004	7.23	ENSG00000197798
herc4	4.892962426666667	7.92	ENSG00000148634
eif2b5	5.194337065	16.31	ENSG00000145191
cops5	4.802179558333333	10.34	ENSG00000121022
abcf3	4.934642145	11	ENSG00000161204
pnpt1	4.896517018333333	7.16	ENSG00000138035
rpn1	10.084465213333335	38.12	ENSG00000163902
mcm3ap	5.430614351666667	13	ENSG00000160294
psmc6	4.8775321683333335	8.23	ENSG00000100519
cops8	5.3302249816666665	6.7	ENSG00000198612
usp9x	5.136396896666667	16.24	ENSG00000124486
parp1	6.175015676666666	18.35	ENSG00000143799
pitpnb	5.371322913333334	11.84	ENSG00000180957
lamp1	6.7142345416666664	22.98	ENSG00000185896
hspbp1	8.979096808333333	15.5	ENSG00000133265
lemd2	4.69573254	6.28	ENSG00000161904
exosc10	5.899503985	10.43	ENSG00000171824
ripk1	3.9213319966666664	7.66	ENSG00000137275
dnajc10	6.9065816516666665	21.49	ENSG00000077232
mdc1	5.4097923083333335	10.41	ENSG00000137337
eef1e1	5.031517355	6.25	ENSG00000124802
ppp2r5a	4.516328685	12.22	ENSG00000066027
puf60	6.809281408333334	8.21	ENSG00000179950
nt5c3	4.327828275	6.2	ENSG00000122643
gosr1	3.8275222566666667	5.19	ENSG00000108587
stk16	2.49614881	12.13	ENSG00000115661
pcbp1	3.0886810283333332	6.38	ENSG00000169564
araf	6.540745873333334	10.29	ENSG00000078061
pcbp2	4.806902653333333	18.35	ENSG00000197111
mrps30	4.180401518333333	7.29	ENSG00000112996
yrdc	1.492550472	6.19	ENSG00000196449
mrpl22	5.899998328333334	7.4	ENSG00000082515
prkar1a	7.30268433	16.63	ENSG00000108946
prpf31	6.994186525	16.56	ENSG00000105618
uqcc	5.790566338333333	6.66	ENSG00000101019
ecsit	7.632143833333333	9.81	ENSG00000130159
zmat3	4.2446014383333335	7.46	ENSG00000172667
cox4i1	4.892703265	15.22	ENSG00000131143
gdi2	8.46799293	16.68	ENSG00000057608
smek1	3.099889163333333	3.81	ENSG00000100796
psmg4	4.738814511666666	14.87	---
ap3m1	4.68109383	10.56	ENSG00000185009
psma3	7.202589926666667	12.33	ENSG00000100567
med14	5.298250621666667	14.66	ENSG00000180182
mut	4.97584505	11.6	ENSG00000146085
ddx56	4.639511225000001	8.44	ENSG00000136271
ftsj3	6.570399071666667	12.85	ENSG00000108592
farsa	8.838181191666667	10.78	ENSG00000179115
gnpat	8.194279303333333	12.01	ENSG00000116906
cox15	7.536246289999999	7.72	ENSG00000014919
tut1	4.809506874999999	4.92	ENSG00000149016
ppp1r11	5.69069816	18.68	ENSG00000204619
samm50	10.55992085	12.55	ENSG00000100347
pmvk	6.932922966666666	9.34	ENSG00000163344
stx17	4.63007756	7.55	ENSG00000136874
cggbp1	3.5795521483333332	7.01	ENSG00000163320
wdr75	4.709560596666666	7.75	ENSG00000115368
cd63	10.97064108	12.45	ENSG00000135404
eif3e	8.446315478333334	13.14	ENSG00000104408
sephs1	4.824887716666667	10.47	ENSG00000086475
diablo	5.652741106666666	15.64	ENSG00000184047
phb	9.534583455	10.07	ENSG00000167085
suz12	4.154987498333333	6.26	ENSG00000178691
golga7	6.009103763333333	7.38	ENSG00000147533
dnajc5	6.697902916666666	8.75	ENSG00000101152
banf1	6.725038513333333	12.88	ENSG00000175334
atg7	5.521023956666666	17.16	ENSG00000197548
pex1	5.173374091666667	6.43	ENSG00000127980
smug1	4.856211925	4.94	ENSG00000123415
pgrmc2	5.001964275000001	15.56	ENSG00000164040
cul2	5.039859768333333	13.44	ENSG00000108094
dnajc17	3.9729528766666666	10.64	ENSG00000104129
pik3r1	2.11489712	3.91	ENSG00000145675
ddx17	4.061427566666667	11.04	ENSG00000100201
klc4	6.475933736666667	15.21	ENSG00000137171
vapa	4.6057924833333335	6.85	ENSG00000101558
reps1	5.482121616666666	9.22	ENSG00000135597
dnaja2	5.7046677400000005	11.51	ENSG00000069345
bccip	5.3185604416666665	9.32	ENSG00000107949
cc2d1a	5.98113269	11.67	ENSG00000132024
fip1l1	4.40743891	14.52	ENSG00000145216
dis3	3.955589455	10.05	ENSG00000083520
serbp1	4.027760885	31.87	ENSG00000142864
wdr70	5.2095971	10.85	ENSG00000082068
nans	8.360960761666666	13.6	ENSG00000095380
ak2	6.827027709999999	7.69	ENSG00000004455
hax1	10.014958746666668	7.54	ENSG00000143575
smpd4	5.165878378333333	8.53	ENSG00000136699
nedd8	14.545381366666668	12.63	ENSG00000129559
prpf4b	3.4576966583333335	6.79	ENSG00000112739
phc2	3.877183795	8.15	ENSG00000134686
cdk9	2.979051195	7.52	ENSG00000136807
prmt5	10.901625516666666	11.63	ENSG00000100462
ppie	4.371242776666667	7.76	ENSG00000084072
usp47	4.268947755	9.98	ENSG00000170242
asb6	2.4440075716666665	4.07	ENSG00000148331
zc3h15	4.155480116666667	6.17	ENSG00000065548
vps18	3.651636121666667	5.64	ENSG00000104142
skp1	4.699140815000001	12.75	ENSG00000113558
chmp4b	5.426162856666666	18.61	ENSG00000101421
sec24b	3.718307436666667	6.67	ENSG00000138802
etf1	5.5252091283333336	10.97	ENSG00000120705
mrpl54	5.7206344966666665	14.24	ENSG00000183617
ppm1a	4.666694721666667	8.39	ENSG00000100614
mrps17	4.066034215	7.72	ENSG00000239789
med16	6.885287480000001	15.28	ENSG00000175221
dars	6.650578303333333	14.56	ENSG00000115866
sucla2	5.133267366666667	10.7	ENSG00000136143
nutf2	5.963485798333334	6.35	ENSG00000102898
sec13	7.2955293050000005	13.12	ENSG00000157020
bpgm	4.6657291983333335	6.66	ENSG00000172331
fcf1	6.936987538333333	9.43	ENSG00000119616
dnajc21	3.9258461566666667	9.18	ENSG00000168724
hspa9	5.062763688333334	14.78	ENSG00000113013
plrg1	6.423512513333334	9.44	ENSG00000171566
nckipsd	4.9506865	7.44	ENSG00000213672
snrpb2	5.419582601666666	8.85	ENSG00000125870
mrpl13	5.061466393333333	10.88	ENSG00000172172
pelo	4.1388978750000005	3.81	ENSG00000152684
nxt1	2.810378595	3.87	ENSG00000132661
fh	7.049104728333333	11.43	ENSG00000091483
rpap3	5.604464295	10.62	ENSG00000005175
arl1	7.086745763333334	7.87	ENSG00000120805
ap3d1	7.324320805	13.94	ENSG00000065000
dnajc3	3.8604980833333333	19.61	ENSG00000102580
lsm10	5.818622965	5.44	ENSG00000181817
znf622	2.0339000416666666	7.86	ENSG00000173545
fam63a	4.684405345	12.46	ENSG00000143409
atp6v0a2	6.57262508	9.71	ENSG00000185344
cog7	5.973423605	11.54	ENSG00000168434
uap1	5.34672331	6.08	ENSG00000117143
ubp1	4.71306823	5.75	ENSG00000153560
ctcf	2.8750470483333337	6.34	ENSG00000102974
fkbp3	4.826569633333333	7.7	ENSG00000100442
grhpr	5.195381431666666	15.54	ENSG00000137106
rsrc2	1.4964595931666667	3.51	ENSG00000111011
timm22	3.187106095	12.55	ENSG00000177370
btf3	5.719192123333333	10.96	ENSG00000145741
mrpl4	8.849926551666666	13.15	ENSG00000105364
wdr61	6.184184413333333	9.53	ENSG00000140395
ncaph2	6.762337968333333	14.5	ENSG00000025770
hnrnph2	4.51980972	8.97	ENSG00000126945
abcd3	6.806369515	10.14	ENSG00000117528
larp4	5.176386658333333	4.36	ENSG00000161813
ahsa1	7.236638341666667	12.61	ENSG00000100591
ptrh2	2.07576579	7.39	ENSG00000141378
mcfd2	5.333410381666667	11.59	ENSG00000180398
nol10	5.083857951666667	9.65	ENSG00000115761
ogt	4.51682642	5.29	ENSG00000147162
tsr2	4.831262193333333	10.18	ENSG00000158526
syvn1	4.661171005	6.74	ENSG00000162298
ndufb5	9.545367928333333	15.03	ENSG00000136521
pwp1	6.1298246	10.51	ENSG00000136045
hdac2	6.497279453333333	12.01	ENSG00000196591
dctn5	4.68220267	9.04	ENSG00000166847
fam73b	4.6406405416666665	10.66	ENSG00000148343
tpi1	10.681047886666667	24.57	ENSG00000111669
osbp	4.619022386666667	8.01	ENSG00000110048
mrpl11	6.834052076666667	7.58	ENSG00000174547
eed	3.25434908	5.33	ENSG00000074266
gmppa	8.858730379999999	11	ENSG00000144591
mrps18a	4.045636336666666	10.27	ENSG00000096080
gopc	3.7579160516666668	6.18	ENSG00000047932
blmh	5.350461401666666	10.42	ENSG00000108578
mrpl28	14.495046603333332	11.95	ENSG00000086504
zc3h7b	5.803589943333334	20.58	ENSG00000100403
setd7	5.588967076666666	8.78	ENSG00000145391
zfr	5.041914293333334	12.82	ENSG00000056097
mrpl46	5.051095085	5.36	ENSG00000173867
timm44	7.664421316666666	6.84	ENSG00000104980
gbf1	5.713550436666667	14.66	ENSG00000107862
phf5a	2.260859238333333	11.31	ENSG00000100410
abi1	5.390965023333334	12.06	ENSG00000136754
cdc42	4.318618900000001	13.16	ENSG00000070831
mis12	1.1351920265	3	ENSG00000167842
exosc7	3.8868636866666666	5.39	ENSG00000075914
obfc1	4.864392266666667	10.46	ENSG00000107960
ddb1	11.065265296666666	16.69	ENSG00000167986
ctnna1	7.136447445	16.12	ENSG00000044115
edf1	9.902611341666667	17.72	ENSG00000107223
glg1	6.0118116200000005	20.04	ENSG00000090863
cyc1	11.033889053333333	12.73	ENSG00000179091
usp19	6.147111325	9.09	ENSG00000172046
cd81	11.68462012	18.14	ENSG00000110651
cox11	5.037333995	5.45	ENSG00000166260
ssrp1	4.264486965	13.97	ENSG00000149136
tcerg1	3.7541126216666667	8.31	ENSG00000113649
micall1	5.142673903333333	5.72	ENSG00000100139
ascc1	4.626175145	14.93	ENSG00000138303
arl8b	4.635909961666667	10.13	ENSG00000134108
psmd1	5.8918801316666665	19.69	ENSG00000173692
ncor1	4.990136695	13.32	ENSG00000141027
paip1	4.654009991666666	12.12	ENSG00000172239
rhoa	7.516858003333334	18.31	ENSG00000067560
sdcbp	7.100955046666667	12.95	ENSG00000137575
ppp2ca	3.5622422316666666	8.96	ENSG00000113575
vps52	5.9823746149999995	11.7	ENSG00000223501
ltv1	3.367264441666667	8.48	ENSG00000135521
tceb2	12.037039405	12.91	ENSG00000103363
sf3b1	4.30988736	12.84	ENSG00000115524
sdad1	3.68140293	5.94	ENSG00000198301
upf2	4.319709766666667	6.69	ENSG00000151461
wbp11	4.179852928333333	8.37	ENSG00000084463
wac	3.182235646666667	6	---
cdipt	10.010171578333335	11.26	ENSG00000103502
sbds	3.8972615883333335	5.98	ENSG00000126524
ebna1bp2	6.859776765	16.67	ENSG00000117395
uck1	3.9412608816666665	5.7	ENSG00000130717
suclg1	8.058287751666667	12.99	ENSG00000163541
aldh9a1	6.928280781666667	18.57	ENSG00000143149
ubqln1	6.385255898333333	9.02	ENSG00000135018
xpnpep1	8.64919078	14.17	ENSG00000108039
zadh2	3.727537933333333	6.93	ENSG00000180011
atp5j2	11.103202493333333	11.83	ENSG00000241468
yme1l1	5.405652571666667	12.01	ENSG00000136758
heatr2	6.695173703333333	8.17	ENSG00000164818
ugp2	5.46326206	13.92	ENSG00000169764
pip5k1a	5.013382160000001	4.16	ENSG00000143398
kpnb1	5.404360751666667	13.78	ENSG00000108424
cuta	9.847547421666667	10.89	ENSG00000112514
ppp1ca	14.054332705	15.75	ENSG00000172531
ube2j2	6.3259206033333335	11.04	ENSG00000160087
rdh14	3.6066828633333334	6.04	ENSG00000240857
senp3	7.407194165000001	8.44	ENSG00000161956
mrto4	6.5310980716666664	8.58	ENSG00000053372
mrps5	5.6840331116666665	12	ENSG00000144029
prps1	7.3784843716666675	10.39	ENSG00000147224
rab5b	4.993773703333333	12.5	ENSG00000111540
isy1	5.057689898333334	11.86	ENSG00000240682
znf830	1.0377709066666667	4.75	ENSG00000198783
slc38a2	2.5709020233333333	3.81	ENSG00000134294
surf6	3.669499745	4.49	ENSG00000148296
msh6	3.8601564383333336	7.16	ENSG00000116062
rab5a	4.1211963916666665	6.22	ENSG00000144566
slc25a11	6.37112886	11.15	ENSG00000108528
znf638	5.19669793	7.11	ENSG00000075292
rnpep	7.636184046666667	13.49	ENSG00000176393
rpl32	1.0995062434999998	15.09	ENSG00000144713
alad	5.152663836666666	13.9	---
sf3b4	5.262543365	7.96	ENSG00000143368
vps25	5.633711166666667	10.5	ENSG00000131475
bloc1s2	3.756366073333333	5.78	ENSG00000196072
ap2s1	8.854105071666668	15.47	ENSG00000042753
tmed5	5.150265225	11.73	ENSG00000117500
ndufa4	10.838478236666667	17.7	ENSG00000189043
kars	7.96799738	15.78	ENSG00000065427
kcmf1	4.002755573333333	8.96	ENSG00000176407
b3galt6	3.4850614933333333	7.58	ENSG00000176022
tmem59	9.946605751666668	15.22	ENSG00000116209
nudc	7.8282366549999995	14.1	ENSG00000090273
fkbp8	10.535125466666667	17.03	ENSG00000105701
vac14	5.212271901666667	12.72	ENSG00000103043
mrpl53	8.230525176666667	7.53	ENSG00000204822
ubqln2	3.68525617	9.08	ENSG00000188021
dhx30	6.2938025699999995	9.54	ENSG00000132153
ndufb7	13.024309968333334	15.2	ENSG00000099795
ubr2	4.385976081666667	8.99	ENSG00000024048
znf22	4.963045388333333	5.65	ENSG00000165512
cct7	9.294627243333334	16.81	ENSG00000135624
oxa1l	6.260061390000001	11.98	ENSG00000155463
atxn2	4.632826851666667	8.86	ENSG00000204842
actr1b	3.3573373816666665	12.25	ENSG00000115073
akr1a1	8.779997473333333	16.33	ENSG00000117448
pelp1	6.620439611666667	11.36	ENSG00000141456
ythdf1	3.1694579883333334	5.26	ENSG00000149658
ncbp2	4.032980161666667	9.06	ENSG00000114503
ccdc124	10.542811884999999	18.74	ENSG00000007080
bcl2l1	3.7206103516666666	5.5	ENSG00000171552
thyn1	5.65641316	11.11	ENSG00000151500
cdk2ap1	6.8476766499999995	10	ENSG00000111328
purb	2.813570781666667	3.04	ENSG00000146676
eif4g1	5.317659313333333	17.81	ENSG00000114867
srp9	6.737374736666666	5.83	ENSG00000143742
clp1	2.1927543533333336	6.95	ENSG00000172409
ctnnb1	6.15109348	10.86	ENSG00000168036
usp14	6.444912128333333	13.48	ENSG00000101557
mphosph10	3.3282797299999998	5.63	ENSG00000124383
pigs	6.060753311666667	21.85	ENSG00000087111
tomm20	3.5848130800000004	11.8	ENSG00000173726
polr2j	6.387769961666667	8.8	ENSG00000005075
sf3b5	6.320911976666666	14.4	ENSG00000169976
ogfr	6.281403971666666	12.22	ENSG00000060491
hspa5	3.847125441666667	16.07	ENSG00000044574
fibp	9.697473788333333	5.7	ENSG00000172500
eif5	2.1854881333333336	11.44	ENSG00000100664
hat1	6.048986803333333	8.94	ENSG00000128708
rab7a	5.479604878333333	8.13	---
hadh	8.025750361666667	15.93	ENSG00000138796
fam120a	5.210563840000001	16.03	ENSG00000048828
casp7	6.0047983	6.4	ENSG00000165806
u2af1	5.499213043333333	7.03	ENSG00000160201
degs1	4.572252965000001	12.03	ENSG00000143753
eif6	8.339821126666667	11.67	ENSG00000242372
h2afv	5.95500443	19.97	ENSG00000105968
alkbh3	5.736733918333333	6.84	ENSG00000166199
apoa1bp	10.819585685	11.97	ENSG00000163382
poldip3	5.300528821666666	7.06	ENSG00000100227
ttc9c	3.5088902166666665	6.05	ENSG00000162222
atf7	3.3070822216666667	5.46	ENSG00000170653
snrpc	8.60540806	12.49	ENSG00000124562
mrps27	5.875286466666666	11.39	ENSG00000113048
zfpl1	4.635828191666667	7.87	ENSG00000162300
pdzd11	5.030268848333334	8.73	ENSG00000120509
atp5b	7.684319851666667	18.5	ENSG00000110955
ciao1	6.0594674799999995	12.86	ENSG00000144021
gle1	6.99306324	10	ENSG00000119392
atp5h	10.192029781666667	16.75	ENSG00000167863
zw10	5.095634166666667	8.33	ENSG00000086827
tbrg4	3.891045753333333	7.46	ENSG00000136270
becn1	4.2537270650000005	8.37	ENSG00000126581
gemin7	4.236095275	6.45	ENSG00000142252
ttc33	5.396312338333333	6.62	ENSG00000113638
ipo8	6.037533628333334	13.73	ENSG00000133704
derl1	5.497538493333334	11.94	ENSG00000136986
utp11l	5.295040064999999	5.53	ENSG00000183520
pura	2.464115215	3.9	ENSG00000185129
fastkd5	2.472990283333333	3.26	ENSG00000215251
cstb	6.602237715	12.15	ENSG00000160213
exosc4	5.0415779700000005	8.01	ENSG00000178896
tars	5.3005495866666665	11.95	ENSG00000113407
vps33a	6.996827963333333	11.94	ENSG00000139719
lamp2	6.469282281666667	23.16	ENSG00000005893
hnrnpf	3.4409318166666667	9.16	ENSG00000169813
coasy	5.639622950000001	11.44	ENSG00000068120
reep5	5.277788326666666	25.21	ENSG00000129625
nhp2l1	6.526665181666667	12.27	ENSG00000100138
dnajc11	8.068845011666665	10.73	ENSG00000007923
rabggtb	1.671108915	3.72	ENSG00000137955
smarca4	7.442345591666666	18.59	ENSG00000127616
nudt21	5.0672129550000005	10.14	ENSG00000167005
sf3a3	5.64304601	7.71	ENSG00000183431
gfm1	6.551531686666666	14.11	ENSG00000168827
mrpl12	6.358740338333333	10.82	ENSG00000183093
dut	5.647870451666666	12.86	ENSG00000128951
lage3	10.740920086666668	7.5	ENSG00000196976
znf687	2.944548783333333	6.75	ENSG00000143373
akap8	3.8919450416666668	6.77	ENSG00000105127
cct4	6.9696954	9.95	ENSG00000115484
trim65	4.703785843333334	4.56	ENSG00000141569
cct8	5.127739186666667	13.3	ENSG00000156261
mrps7	4.877952875	10.06	ENSG00000125445
rapgef1	6.195335418333333	15.58	ENSG00000107263
lmf2	8.850430545	15	ENSG00000100258
ddx24	5.917826628333333	11.02	ENSG00000089737
agpat1	8.710047591666667	14.2	ENSG00000204310
ssr3	6.349706255	12.66	ENSG00000114850
gatad2b	3.7309427283333334	2.51	ENSG00000143614
itgb1	6.512603589999999	19.17	ENSG00000150093
galk2	5.082279848333333	17	ENSG00000156958
atp5c1	12.956518076666667	14.17	ENSG00000165629
med4	4.419172578333333	4.41	ENSG00000136146
napa	10.605755069999999	10.98	ENSG00000105402
cwc15	2.784029148333333	11.83	ENSG00000150316
tssc4	4.1679433900000005	4.67	ENSG00000184281
tceb3	2.941081275	7.11	ENSG00000011007
tbcc	2.0370205466666667	5.72	ENSG00000124659
pop7	3.1952339866666666	4.47	ENSG00000172336
csnk1d	5.32708517	6.85	ENSG00000141551
pnpla6	5.490722928333333	12.09	ENSG00000032444
ubl4a	4.617060423333333	7.19	ENSG00000102178
gtf3c5	7.317612043333333	7.12	ENSG00000148308
drap1	10.524677913333333	19.32	ENSG00000175550
tjap1	4.20104069	4.77	ENSG00000137221
gnl2	4.821820913333334	8.93	ENSG00000134697
riok2	2.840621315	6.13	ENSG00000058729
gne	4.124762173333333	13.52	ENSG00000159921
ptpn23	5.270949335	10.89	ENSG00000076201
son	3.3452816316666665	8.01	ENSG00000159140
wdtc1	7.31728384	14.47	ENSG00000142784
snx6	5.561556341666667	9.14	ENSG00000129515
ppp2r2a	4.2783506650000005	4.85	ENSG00000221914
sec63	3.8212962	16.51	ENSG00000025796
psma6	9.326252758333334	10.36	ENSG00000100902
usp39	6.488151633333334	9.98	ENSG00000168883
itpa	5.921982656666667	9.23	ENSG00000125877
tfdp1	5.624326475	6.16	ENSG00000198176
tomm70a	4.506830175	9.96	ENSG00000154174
timm50	6.694977253333334	10.31	ENSG00000105197
tra2a	1.79372949	5.73	---
rab18	4.3078110333333335	12.75	ENSG00000099246
eftud2	9.043411826666667	18.96	ENSG00000108883
pef1	5.894477355	8.8	ENSG00000162517
ankrd17	3.6513337299999997	7.49	ENSG00000132466
exoc3	5.165986425	14.62	ENSG00000180104
mrpl24	11.757088361666666	5.7	ENSG00000143314
psma7	7.417758085	16.55	ENSG00000101182
snrpa	3.415987438333333	11.55	ENSG00000077312
esd	7.801389331666667	13.37	ENSG00000139684
pi4k2a	4.659077001666666	6.95	ENSG00000155252
usp7	4.688483706666667	10.38	ENSG00000187555
xrcc6	6.588796285	10.74	ENSG00000196419
lsm5	4.3388889200000005	15.17	ENSG00000106355
thop1	10.316977323333333	15.84	ENSG00000172009
prpf4	4.314686091666667	6.1	ENSG00000136875
dnm1l	5.001772543333333	7.17	ENSG00000087470
tomm22	5.636261301666667	9.42	ENSG00000100216
rabep1	4.92936217	9.93	ENSG00000029725
gtf3c3	5.055551546666666	7.39	ENSG00000119041
dnajb12	4.3091689099999995	6.41	ENSG00000148719
scfd1	4.936632265	12.33	ENSG00000092108
hnrpll	5.395548206666667	17.52	ENSG00000143889
pnkp	5.342477685	6.6	ENSG00000039650
sap30	4.851008436666667	5.97	ENSG00000164105
kiaa1429	4.889898583333333	10.76	ENSG00000164944
bcap29	5.276212516666666	10.03	---
rabepk	7.113788716666666	14.88	ENSG00000136933
nmd3	4.096882565	5.49	ENSG00000169251
polr2c	5.937507788333334	6.69	ENSG00000102978
iah1	4.959454906666666	8.66	ENSG00000134330
hypk	5.228192065	13.23	ENSG00000242028
mrpl19	5.121887013333334	9.55	ENSG00000115364
psma2	8.869159348333334	11.81	ENSG00000106588
prdx3	7.0037778699999995	10.43	ENSG00000165672
chd4	5.881895701666666	16.64	ENSG00000111642
dld	5.284802731666667	8.17	ENSG00000091140
prune	4.698085096666667	6.02	ENSG00000143363
pds5a	5.75062672	8.57	ENSG00000121892
dctn3	10.987170433333334	11.82	ENSG00000137100
grsf1	5.416968156666667	9.28	ENSG00000132463
tm9sf3	4.911251438333333	21.5	ENSG00000077147
rpl6	6.005028371666667	9.99	ENSG00000089009
rab3gap2	4.600150968333334	13.25	ENSG00000118873
idh3b	9.725459103333332	9.52	ENSG00000101365
srp14	7.707015131666666	12.24	ENSG00000140319
sumo3	4.476130896666667	14.57	ENSG00000184900
snx5	3.1562813083333334	7.01	ENSG00000089006
txndc17	5.035329813333333	11.35	ENSG00000129235
rpp38	1.0838443203333334	3.12	ENSG00000152464
mrps26	5.395461468333334	8.17	ENSG00000125901
ddx46	4.7677716383333335	19.26	ENSG00000145833
tollip	4.634134453333333	6.59	ENSG00000078902
nsfl1c	5.408794403333333	7.41	ENSG00000088833
ube2e3	6.581740203333334	9.18	ENSG00000170035
lrpprc	5.827017866666667	15.54	ENSG00000138095
vps26a	5.089071868333334	12.81	ENSG00000122958
map2k2	8.092790853333334	16.32	ENSG00000126934
ube2e2	6.434626686666666	9.18	ENSG00000182247
nol11	4.268125455	11.44	ENSG00000130935
prpf19	7.017048931666666	12.33	ENSG00000110107
ppa1	7.929625395	12.77	ENSG00000180817
pin1	9.163769245	24.36	ENSG00000127445
arpc2	9.852105701666666	11.26	ENSG00000163466
nfyc	4.725670665	8.19	ENSG00000066136
pphln1	5.15913605	8.91	ENSG00000134283
heatr5a	5.223134501666666	11.88	ENSG00000129493
ngdn	3.0359655649999997	6.36	ENSG00000129460
hspa14	3.72866449	8.66	ENSG00000187522
tmed10	7.021938721666667	18.28	ENSG00000170348
pigt	4.249141921666666	20.69	---
rbm27	3.7320623716666663	4.69	ENSG00000091009
atpif1	5.550052553333333	13.85	ENSG00000130770
dcun1d5	5.976329458333334	10.11	ENSG00000137692
dnajc7	5.054341748333333	9.67	ENSG00000168259
pum1	2.6070358933333333	4.89	ENSG00000134644
smarce1	4.825764146666667	11.46	ENSG00000073584
psmb4	7.654156136666667	15.01	ENSG00000159377
mrpl16	4.51177685	6.92	ENSG00000166902
ctsa	8.10634277	28.35	ENSG00000064601
psen2	4.300998148333333	12.69	ENSG00000143801
wdr43	3.2700287766666665	7.43	ENSG00000163811
fpgs	6.3754934316666665	6.55	ENSG00000136877
dpp7	4.371639525	7.88	ENSG00000176978
mrps23	5.763821515	6.54	ENSG00000181610
gart	5.831070335000001	14.13	ENSG00000159131
wibg	4.362967075	5.77	ENSG00000170473
otub1	5.483768808333334	10.87	ENSG00000167770
psmb5	7.27447074	9.91	ENSG00000100804
lsm1	4.218702568333333	12.42	ENSG00000175324
nudt9	5.1886643	12.45	ENSG00000170502
laptm4a	7.798169191666667	16.71	ENSG00000068697
lin7c	4.635715076666667	5.39	ENSG00000148943
bloc1s3	4.405044658333334	6.65	ENSG00000189114
sec61a1	6.249030811666667	17.41	ENSG00000058262
ddost	8.449529191666667	22.21	ENSG00000244038
atp6v1h	5.036144538333334	9.72	ENSG00000047249
tbc1d23	5.042358336666666	7.34	ENSG00000036054
khsrp	5.459036016666667	9.17	ENSG00000088247
luc7l2	4.217690635	7.19	ENSG00000146963
efr3a	5.3875037316666665	19.9	ENSG00000132294
mvd	6.339713581666667	10.36	ENSG00000167508
mgmt	7.002833905	12.83	ENSG00000170430
ube2k	5.608909846666666	18.68	ENSG00000078140
sf3b2	6.911832473333333	15.86	ENSG00000087365
npc2	10.196254320000001	27.51	ENSG00000119655
cyfip1	8.521344516666666	18.71	ENSG00000068793
cisd2	6.6084419783333335	12.27	ENSG00000145354
mon2	4.922603476666667	13.99	ENSG00000061987
ncln	6.70864492	17.65	ENSG00000125912
rraga	3.6158351483333333	6.82	ENSG00000155876
fbxo22	3.7009476	5.68	ENSG00000167196
gsk3a	6.520619938333334	9.33	ENSG00000105723
psma1	6.6401285833333334	10.97	ENSG00000129084
mrps22	4.717308618333333	6.98	ENSG00000175110
coro1c	5.352528368333334	11.69	ENSG00000110880
eif3d	6.18842178	9.74	ENSG00000100353
smg7	4.228762601666667	4.84	ENSG00000116698
polr1c	2.18008259	5.62	ENSG00000171453
tbce	5.274510561666667	3.42	ENSG00000116957
cnot7	4.72631252	8.16	ENSG00000198791
cst3	8.800213423333334	20.11	ENSG00000101439
cherp	3.5630552399999997	8.15	ENSG00000085872
eif2s2	4.673068795000001	10.43	ENSG00000125977
pop5	6.526635771666666	9.05	ENSG00000167272
mrpl2	8.114218213333334	12.72	ENSG00000112651
ppp1r8	3.8766227133333335	5.11	ENSG00000117751
rab6a	7.056654885	9.59	ENSG00000175582
top1	4.961963286666667	9.85	ENSG00000198900
imp3	3.06105265	5.12	ENSG00000177971
nenf	10.238333416666668	12.19	ENSG00000117691
lsm14b	4.177776511666667	9.08	ENSG00000149657
txndc9	4.47594895	9.57	ENSG00000115514
ptcd3	4.3704882	6.92	ENSG00000132300
chuk	4.024196461666667	6.19	ENSG00000213341
eif1b	3.7174874616666664	4.95	ENSG00000114784
fundc2	6.138501025	27.05	ENSG00000165775
gspt1	6.351805801666667	20.68	ENSG00000103342
sae1	7.3291865000000005	9.47	ENSG00000142230
lman1	6.077383916666666	17.48	ENSG00000074695
efha1	6.4479087250000005	11.44	ENSG00000165487
eif3m	8.493411481666666	12.46	ENSG00000149100
syf2	3.2281298183333336	8.29	ENSG00000117614
sco1	3.62729084	6.32	ENSG00000133028
mrps16	4.785935403333334	8.6	ENSG00000182180
tex2	4.29293395	9.71	ENSG00000136478
ube2i	4.705799363333333	11.68	ENSG00000103275
hcfc1	4.738663705	13.63	ENSG00000172534
aip	7.720133649999999	13.18	ENSG00000110711
tor1a	3.4434042066666666	7.06	ENSG00000136827
nmt1	6.175123395	9.17	ENSG00000136448
pnn	2.3778667716666666	8.69	ENSG00000100941
dhx15	4.2937559033333335	9.57	ENSG00000109606
atg4b	9.16461396	10.58	ENSG00000168397
ftsj1	7.877618345	16.04	ENSG00000068438
hars	7.322439016666666	12.81	ENSG00000170445
htt	5.422784675	13.16	ENSG00000197386
lonp1	8.502606408333333	15.28	ENSG00000196365
pa2g4	5.6297543716666665	20.17	ENSG00000170515
tmed1	4.76776465	10.88	ENSG00000099203
uprt	7.63647883	3.87	ENSG00000094841
pank4	3.98022737	4.5	ENSG00000157881
nap1l4	5.850858246666666	10.86	ENSG00000205531
scyl2	5.0007645966666665	6.56	ENSG00000136021
mrps21	3.3655472283333334	10.76	ENSG00000187145
cnih4	8.384823443333334	17.81	ENSG00000143771
polr2e	15.041033806666666	10.84	ENSG00000099817
metap2	5.560277195	21.66	ENSG00000111142
psmd10	6.36351411	11.1	ENSG00000101843
dhx36	4.61528287	8.87	ENSG00000174953
hibadh	5.070819526666667	14.51	ENSG00000106049
ormdl3	5.13830548	5.81	ENSG00000172057
stam	4.366710651666667	5.69	ENSG00000136738
nxf1	5.527987845	6.09	ENSG00000162231
srp19	4.485292135	8.78	ENSG00000153037
rab1b	12.3741187	15.57	ENSG00000174903
ctage5	5.01159432	9.67	ENSG00000150527
pten	5.282491565	11.85	ENSG00000171862
hmox2	5.580357853333334	8.25	ENSG00000103415
etfa	6.44481252	14.68	ENSG00000140374
mat2b	5.758237693333333	6.09	ENSG00000038274
stat3	5.799830183333333	12.75	ENSG00000168610
nip7	2.1884909583333334	11.63	ENSG00000132603
gss	8.238711098333333	14.81	ENSG00000100983
ube2m	6.362644421666667	11.61	ENSG00000130725
parp3	4.861640980000001	8.33	---
lrrc40	7.319216395	11.89	ENSG00000066557
apool	5.364161491666667	12.65	ENSG00000155008
timm8b	1.3592840465	11.97	ENSG00000150779
capzb	12.20978002	14.5	ENSG00000077549
rela	4.82170795	7.93	ENSG00000173039
flot1	9.144324293333334	12.23	ENSG00000137312
uba1	10.501535201666666	22.43	ENSG00000130985
gsk3b	3.5104501249999998	6.78	ENSG00000082701
gadd45gip1	7.566248626666667	10.27	ENSG00000179271
bcl2l13	4.870162365	13.42	ENSG00000099968
foxk2	4.007548928333334	11.49	ENSG00000141568
rfc2	6.424678259999999	7.88	ENSG00000049541
prkaca	6.503873435	13.06	ENSG00000072062
nit2	5.812382593333334	7.26	ENSG00000114021
hsd17b12	8.405850503333333	18.51	ENSG00000149084
chmp5	8.581715511666665	9.4	ENSG00000086065
hdac6	5.865461456666667	11.1	ENSG00000094631
usp25	3.8888416583333334	9.35	ENSG00000155313
psmc4	8.780227068333334	10.52	ENSG00000013275
rnmtl1	2.6827056683333335	4.46	ENSG00000171861
pdzd8	3.76670877	5.7	ENSG00000165650
isoc2	5.910738816666667	8.53	ENSG00000063241
mrp63	3.46979339	19.79	ENSG00000173141
aes	10.924158341666667	22.71	ENSG00000104964
ppid	5.102049876666666	8.97	ENSG00000171497
cltc	6.025370166666666	14.6	ENSG00000141367
map2k1	6.679896025000001	11.12	ENSG00000169032
hnrnpm	4.76890616	12.71	ENSG00000099783
fam136a	5.473885093333333	7.13	ENSG00000035141
lrpap1	13.30163927	16.33	ENSG00000163956
naca	5.00459112	14.15	ENSG00000196531
csnk1a1	4.9562528766666665	6.94	ENSG00000113712
sgpl1	5.683086828333333	12.83	ENSG00000166224
acbd6	4.476708521666667	14.44	ENSG00000135847
stt3a	7.045102731666666	16.96	ENSG00000134910
znrd1	3.20662967	4.81	ENSG00000066379
ap2a1	8.648577225	14.19	ENSG00000196961
aspscr1	8.902560013333334	10.14	ENSG00000169696
hn1l	6.61101973	9.21	ENSG00000206053
commd6	5.529383875	5.31	ENSG00000188243
ppp1r10	2.44085377	3.92	ENSG00000204569
sdhb	9.050317061666668	14.7	ENSG00000117118
ipo9	5.340234305	16.39	ENSG00000198700
comt	8.373459558333334	10.96	ENSG00000093010
sco2	4.092981233333334	6.47	ENSG00000130489
setd3	5.689172423333333	12.48	ENSG00000183576
spg21	9.12109205	21.2	ENSG00000090487
armc6	6.764328263333334	7.55	ENSG00000105676
mrpl45	9.120057141666667	11.79	ENSG00000174100
eif4a3	4.4955582000000005	8.3	ENSG00000141543
nudt3	4.999029644999999	10.64	ENSG00000112664
nsdhl	6.107876393333333	16.12	ENSG00000147383
pycr2	5.375982045	6.99	ENSG00000143811
ppp1r7	10.204918361666667	13.57	ENSG00000115685
eif2b4	5.830639919999999	8.49	ENSG00000115211
hint1	7.4635889	13.76	ENSG00000169567
tatdn1	4.556024691666667	4.79	ENSG00000147687
pole4	6.7098780116666665	10.08	ENSG00000115350
pfdn2	5.455928956666667	7.28	ENSG00000143256
tbc1d1	5.95045895	7.62	ENSG00000065882
med7	2.165486285	4.01	ENSG00000155868
pno1	5.31466984	9.08	ENSG00000115946
wbp2	7.721275271666667	11.04	ENSG00000132471
nol7	4.639749573333333	13.38	ENSG00000225921
nsun5	8.298340135	5.3	ENSG00000130305
higd1a	9.025286441666667	10.26	ENSG00000181061
nme6	6.2599215500000005	8.48	ENSG00000172113
med11	5.52427052	6.15	ENSG00000161920
arfip2	4.3089737	11.6	ENSG00000132254
slc25a3	5.845808921666667	12.54	ENSG00000075415
stambp	5.938871491666666	5.78	ENSG00000124356
rps24	7.74562892	11.13	ENSG00000138326
ndufa12	6.754084223333334	16.67	ENSG00000184752
adh5	8.360837915	12.38	ENSG00000197894
riok1	3.927713265	6.09	ENSG00000124784
phb2	9.83652497	9.85	ENSG00000215021
gtf2f2	4.724500063333333	8.65	ENSG00000188342
strn3	4.431263375	6.75	ENSG00000196792
rab14	5.0638114949999995	7.47	ENSG00000119396
tsc2	7.533203826666666	15.81	ENSG00000103197
set	4.678448855	10.54	ENSG00000119335
gmpr2	4.868639698333333	8.2	ENSG00000100938
sec31a	6.46030404	19.05	ENSG00000138674
akr7a2	5.898414078333333	11.92	ENSG00000053371
skiv2l2	4.550819261666666	8.34	ENSG00000039123
taldo1	12.200161433333333	14.96	ENSG00000177156
pdhb	4.862664436666666	9.56	ENSG00000168291
tmem131	4.52220683	17.05	---
psmd14	5.623196281666667	10.68	ENSG00000115233
sub1	6.708267285000001	20.9	ENSG00000113387
elp3	4.236677446666667	12.49	ENSG00000134014
hectd3	7.943361236666666	17.33	ENSG00000126107
fam50a	9.072133498333333	13.19	ENSG00000071859
eef1b2	4.631192850000001	19.06	ENSG00000114942
dohh	4.511936101666667	11.44	ENSG00000129932
pak1ip1	3.9258821316666666	8.42	ENSG00000111845
nat10	6.471614185000001	10.09	ENSG00000135372
dusp14	3.6833208133333333	4.59	ENSG00000161326
ap1m1	10.433856405	9.57	ENSG00000072958
prdx6	7.512570363333333	10.3	ENSG00000117592
pacsin2	5.571887703333333	14.03	ENSG00000100266
ndufa13	8.006413738333332	22.11	ENSG00000186010
vps28	9.721987598333333	11.15	ENSG00000160948
arfrp1	3.9960909449999997	6.45	ENSG00000101246
exosc2	4.829196883333334	5.22	ENSG00000130713
ints3	4.986860251666667	18.6	---
chd8	4.165297091666667	7.03	ENSG00000100888
cog2	5.031113081666667	7.42	ENSG00000135775
gclc	4.432712595	4.91	ENSG00000001084
rbm7	2.7920684583333335	4.37	ENSG00000076053
mid1ip1	2.3505901833333334	5.17	ENSG00000165175
mrpl50	2.5640781099999996	5.64	ENSG00000136897
gapvd1	4.865352508333333	9.1	ENSG00000165219
bre	8.383018045	13.9	ENSG00000158019
cebpz	4.278703925	12.89	ENSG00000115816
scamp2	6.762986443333333	12.23	ENSG00000140497
ppp6c	4.413597975	5.85	ENSG00000119414
trappc2l	5.2737222033333335	12.5	ENSG00000167515
mapk1	5.280994205	9.87	ENSG00000100030
cpox	5.8696349450000005	8.92	ENSG00000080819
cops2	4.761988564999999	8.59	ENSG00000166200
supt4h1	5.221668013333333	9.63	ENSG00000213246
prpf3	3.8264242633333336	8.28	ENSG00000117360
rbm19	5.142870396666667	16.24	ENSG00000122965
aarsd1	4.803759893333334	9.62	ENSG00000108825
nae1	5.436638581666667	7.62	ENSG00000159593
maged1	8.999340541666667	16.35	ENSG00000179222
gtf2i	6.362939591666666	15.4	ENSG00000077809
fam98a	5.168489881666667	9.79	ENSG00000119812
tmem55b	2.9453365199999997	10.87	ENSG00000165782
anapc2	6.379386966666667	11.78	ENSG00000176248
nup54	5.042028315	5.48	ENSG00000138750
ndufb8	10.408753863333335	15.52	ENSG00000166136
rer1	7.401288395	10.32	ENSG00000157916
ndufs3	7.69400623	12.13	ENSG00000213619
adprh	4.799477183333334	12.03	ENSG00000144843
rtn4	4.51092331	21.16	ENSG00000115310
dhps	6.788191608333333	6.83	ENSG00000095059
snapin	3.4386082116666667	6.78	ENSG00000143553
ube2f	6.110695616666666	6.38	ENSG00000184182
ccdc94	5.840545023333333	4.38	ENSG00000105248
zcchc11	4.275677615	6.21	ENSG00000134744
prdx2	8.326789503333334	12.56	ENSG00000167815
ccdc12	4.60157452	9.69	ENSG00000160799
pcm1	5.1095641333333335	10.69	ENSG00000078674
mkln1	5.009373758333334	13.38	ENSG00000128585
golph3	4.574466101666667	7.67	ENSG00000113384
tfg	5.501433386666666	9.15	ENSG00000114354
ndufa7	8.104342718333333	18.15	ENSG00000167774
rbx1	7.8261721	10.02	ENSG00000100387
acsl3	5.109594011666667	7.79	ENSG00000123983
tex264	5.8866189633333335	10.29	ENSG00000164081
irf2bp2	1.804612065	4.67	ENSG00000168264
ola1	5.194331825000001	12.42	ENSG00000138430
slc25a32	4.907026638333334	3.93	ENSG00000164933
mtch2	10.155365515	15.95	ENSG00000109919
kiaa1715	7.07028135	10.15	ENSG00000144320
mrpl38	5.876536378333333	8.81	ENSG00000204316
atp6v1c1	6.340934815	11.94	ENSG00000155097
tprkb	5.646766305	6.06	ENSG00000144034
hmbs	7.186618758333334	11.7	ENSG00000149397
trappc5	11.025331638333334	6.47	ENSG00000181029
erh	7.027489698333333	19.23	ENSG00000100632
clta	6.735073696666666	14.63	ENSG00000122705
cpne3	8.637836226666668	11.87	ENSG00000085719
gsr	6.502266435	9.55	ENSG00000104687
nploc4	5.938196593333333	10.39	ENSG00000182446
ythdf2	2.101106265	4.01	ENSG00000198492
clpp	7.781311971666667	11.79	ENSG00000125656
cars2	7.803915205	11.49	ENSG00000134905
pfdn6	5.079673315	11.11	ENSG00000204220
polr2l	8.60148622	9.64	ENSG00000177700
mrpl20	7.362196071666667	9.38	ENSG00000242485
cog8	3.7231263266666668	6.2	ENSG00000213380
pgam5	4.650495238333334	7.81	ENSG00000176894
mrps35	5.2189351833333335	9.19	ENSG00000061794
rps27l	4.677636245	10.48	ENSG00000185088
asf1a	5.349830298333333	6.75	ENSG00000111875
myo1e	4.780623676666666	7.76	ENSG00000157483
phactr4	3.405911371666667	4.87	ENSG00000204138
fdx1	4.9265246199999995	9.73	ENSG00000137714
commd1	8.047776950000001	14.6	ENSG00000173163
rad23b	4.833442083333334	16.08	ENSG00000119318
usp5	10.641472846666666	15.11	ENSG00000111667
snap23	7.13835872	7.62	ENSG00000092531
ndufa5	6.17155551	10.93	ENSG00000128609
gnl3	3.322403721666667	4.21	ENSG00000163938
tmf1	4.0798052799999995	7.28	ENSG00000144747
armc1	4.932461748333334	8.65	ENSG00000104442
timm9	3.9156883316666664	5.43	ENSG00000100575
rbm4	4.118873651666666	5.82	ENSG00000173933
tial1	4.496088388333334	9.43	ENSG00000151923
exoc1	6.8074334	8	ENSG00000090989
cct6a	5.189080941666666	11.42	ENSG00000146731
yif1a	10.993867403333333	16.29	ENSG00000174851
eefsec	5.274758579999999	13.79	ENSG00000132394
rpl8	10.385176518333333	14.94	ENSG00000161016
acadvl	6.462952045	12.22	ENSG00000072778
srrm1	4.322963606666666	7.36	ENSG00000133226
nudcd1	5.662774231666666	19.22	ENSG00000120526
mrpl27	3.672088195	7.17	ENSG00000108826
mrps28	7.082010101666667	11.14	ENSG00000147586
cul1	5.028755098333334	10.01	ENSG00000055130
cstf1	2.3965006483333338	3.67	ENSG00000101138
pla2g12a	6.30348268	15.47	ENSG00000123739
nucb1	10.176549243333334	32.69	ENSG00000104805
ddx27	6.038929381666667	10.06	ENSG00000124228
mki67ip	4.150431866666667	6.01	ENSG00000155438
rbm34	4.502159311666667	7.29	ENSG00000188739
ndufs7	10.255725693333334	12.64	ENSG00000115286
mnat1	5.614179303333333	16.57	ENSG00000020426
lrrc57	5.649436308333334	4.79	ENSG00000180979
setd2	2.9633302450000003	5.15	ENSG00000181555
hspa4	7.110863878333333	19.07	ENSG00000170606
fnta	5.710405	11.33	ENSG00000168522
dscr3	5.0324827050000005	8.37	ENSG00000157538
exosc8	4.828790825	8.56	ENSG00000120699
tbrg1	2.5644054633333337	10.13	ENSG00000154144
sec16a	5.319207006666667	11.29	ENSG00000148396
dido1	2.573362283333333	4.94	ENSG00000101191
mepce	3.0630001250000003	3.98	ENSG00000146834
srpr	5.073199828333333	15.19	ENSG00000182934
ints10	5.279900615	9.25	ENSG00000104613
h2afz	7.083441728333333	19.97	ENSG00000164032
copb2	6.104271913333333	16.1	ENSG00000184432
mrpl3	6.384659193333333	9	ENSG00000114686
ado	2.1607793266666664	5.38	ENSG00000181915
pom121	3.9612920466666663	6.42	ENSG00000196313
bptf	4.02293187	11.81	ENSG00000171634
bcas2	3.8120321883333332	10.3	ENSG00000116752
rps6kb1	3.664325101666667	9.51	ENSG00000108443
fyttd1	7.375463281666667	8.45	ENSG00000122068
fez2	5.368683748333334	6.27	ENSG00000171055
prosc	4.93725504	7.06	ENSG00000147471
nub1	6.103199776666667	11.37	ENSG00000013374
eif3g	10.186979255	9.09	ENSG00000130811
snrpg	4.431449171666667	5.65	ENSG00000143977
ric8a	6.189673045	10.98	ENSG00000177963
eif3a	3.44367799	10.25	ENSG00000107581
tm9sf2	7.149569241666667	17.73	ENSG00000125304
ddx41	5.7602503899999995	11.34	ENSG00000183258
ankrd46	5.6307804316666665	8.74	ENSG00000186106
raf1	5.108382888333334	7.86	ENSG00000132155
park7	9.079084361666666	16.66	ENSG00000116288
pqbp1	7.354480546666666	16.42	ENSG00000102103
stx5	4.944897868333333	5.69	ENSG00000162236
utp6	6.684567226666667	10.78	ENSG00000108651
mapkapk2	5.669840065	12.1	ENSG00000162889
eif2b2	5.59654589	8.83	ENSG00000119718
pex5	4.934053896666667	6.28	ENSG00000139197
eif4a1	4.693548425	5.86	ENSG00000161960
lss	7.635874974999999	12.51	ENSG00000160285
dnajc19	6.466298699999999	9.76	ENSG00000205981
gltpd1	4.633688076666667	8.77	ENSG00000224051
ube2g2	5.744155481666667	8.12	ENSG00000184787
ap2m1	11.155009803333334	17.09	ENSG00000161203
hnrnph1	3.9887083566666663	6.58	ENSG00000169045
vrk2	6.22509783	7.28	ENSG00000028116
cyb5r3	9.332324225	19.27	ENSG00000100243
mtdh	4.778435474999999	12.97	ENSG00000147649
rps6ka3	4.915751208333333	8.23	ENSG00000177189
gtf2h4	4.953808816666666	11.7	ENSG00000213780
rqcd1	4.5804082500000005	7.93	ENSG00000144580
znf592	3.2822010383333335	5.92	ENSG00000166716
man1b1	5.121969155	12.05	ENSG00000177239
psma5	10.423435008333334	11.62	ENSG00000143106
dpy30	6.506133381666667	8.45	ENSG00000162961
cdc123	6.211135595	11.59	ENSG00000151465
psmb6	9.845489018333334	13.36	ENSG00000142507
atp6v0d1	11.094252751666666	14.2	ENSG00000159720
preb	5.947814538333334	13.04	ENSG00000138073
rbm33	3.7990275849999997	7.65	---
cops6	10.410548845	12.59	ENSG00000168090
ruvbl1	8.111400585	14.58	ENSG00000175792
mrpl15	4.672006246666667	11.1	ENSG00000137547
nubp2	8.317032506666667	10.07	ENSG00000095906
usp8	4.464574978333333	14.92	ENSG00000138592
zranb2	4.266865156666666	6.41	ENSG00000132485
als2	4.539821988333333	11.72	ENSG00000003393
me2	6.904175616666667	17.75	ENSG00000082212
ptges2	5.012287431666667	10.82	ENSG00000148334
odc1	6.058452343333333	16.34	ENSG00000115758
eif3h	8.056341061666666	18.53	ENSG00000147677
fxn	5.232618721666666	8.15	ENSG00000165060
nob1	3.6490811166666663	5.79	ENSG00000141101
cox6b1	14.201712266666668	15.17	ENSG00000126267
cdk4	7.628306768333333	10.49	ENSG00000135446
idh3g	7.273927461666667	14.07	ENSG00000067829
emg1	3.966315845	8.12	ENSG00000126749
prdx1	7.421331393333333	15.47	ENSG00000117450
top2b	6.020308185	15.94	ENSG00000077097
gpkow	6.692799721666666	8.84	ENSG00000068394
mpdu1	11.15918893	8.69	ENSG00000129255
ssu72	4.646113461666667	8.93	ENSG00000160075
necap1	3.99318497	3.84	ENSG00000089818
slc39a7	5.112191161666667	10.72	ENSG00000112473
exoc2	4.9961611633333325	11.83	ENSG00000112685
elovl1	7.808988825	10.98	ENSG00000066322
ktn1	6.170912075	13.04	ENSG00000126777
ndufs8	6.459150181666667	14.31	ENSG00000110717
sgta	8.431045763333334	12.94	ENSG00000104969
spcs3	6.9013252750000005	8.57	ENSG00000129128
ccdc86	6.401262765	9.37	ENSG00000110104
ndufb9	10.260092186666666	14.06	ENSG00000147684
wdr36	4.678982086666666	12.64	ENSG00000134987
snrpd3	5.042864963333333	10.7	ENSG00000100028
mrps24	7.2441766350000005	15.16	ENSG00000062582
lrrfip2	4.745853113333334	17.81	ENSG00000093167
srp72	7.02487141	11.15	ENSG00000174780
nisch	5.230307048333333	14.48	ENSG00000010322
dazap1	6.42925139	9.19	ENSG00000071626
rbmx	5.077815585	5.04	ENSG00000147274
pfn1	8.103104843333334	16.04	ENSG00000108518
faf1	6.169671291666666	22.53	ENSG00000185104
arf1	5.66161246	12.15	ENSG00000143761
rhob	1.802478285	3.79	ENSG00000143878
ss18l2	2.7198104400000003	6.73	ENSG00000008324
pigx	6.217767191666667	13.05	ENSG00000163964
pcyox1	5.855266055	15.83	ENSG00000116005
rnh1	8.958612048333332	17.32	ENSG00000023191
pomp	6.57337656	10.47	ENSG00000132963
ube2q1	3.9798459466666665	9.06	ENSG00000160714
hnrnpd	4.876778775	22.13	ENSG00000138668
stub1	7.102789173333333	11.04	ENSG00000103266
gsto1	6.262583025	11.95	ENSG00000148834
psmd2	8.797309281666665	22.2	ENSG00000175166
polr2b	6.331279446666667	11.94	ENSG00000047315
mrpl17	3.4229584766666665	31.35	ENSG00000158042
dhx8	4.473068331666667	5.83	ENSG00000067596
elp4	6.007348458333333	16.47	ENSG00000109911
aars	6.962391569999999	15.62	ENSG00000090861
dnaja3	7.389468698333333	10.24	ENSG00000103423
crkl	2.5990573433333335	3.34	ENSG00000099942
arhgef10l	4.846704928333334	7.26	ENSG00000074964
ykt6	5.7531681316666665	10.19	ENSG00000106636
ivns1abp	2.8255351716666666	8.64	ENSG00000116679
supt5h	7.890978761666667	11.43	ENSG00000196235
ndufaf2	5.97053553	12.8	ENSG00000164182
cyb5b	7.906493841666667	15.22	ENSG00000103018
trap1	11.364038946666666	11.63	ENSG00000126602
tmco1	8.399229216666667	24.74	ENSG00000143183
wdr44	5.2007550316666675	4.85	ENSG00000131725
