Gene name	Murakawa halflife (Human)	Schwannhausser halflife (Mouse)	Raghavan halflife (Human T-cells)	Human ENSEMBL ID
ddx10	4.260569731666667	14.32	0.8	ENSG00000178105
arpc2	9.852105701666666	11.26	86.88333333333334	ENSG00000163466
pten	5.282491565	11.85	9.916666666666666	ENSG00000171862
atp5a1	7.034673196666666	19.1	5.05	ENSG00000152234
itgb1	6.512603589999999	19.17	45.53333333333333	ENSG00000150093
dnajc8	8.314902301666667	9.34	2.2	ENSG00000126698
cul4a	5.959060223333334	9.73	51.916666666666664	ENSG00000139842
gtf2h1	4.39960589	8.15	3.25	ENSG00000110768
gnpat	8.194279303333333	12.01	5.433333333333334	ENSG00000116906
hdac3	6.892349095	11.37	35.25	ENSG00000171720
metap2	5.560277195	21.66	1.3833333333333333	ENSG00000111142
pes1	5.6755531333333336	17.79	2.933333333333333	ENSG00000100029
tomm40	6.611547981666666	10.59	24.866666666666667	ENSG00000130204
wtap	2.7882032850000003	2.95	5.5	ENSG00000146457
ctsd	9.24472437	27.46	70.66666666666667	ENSG00000117984
cnot3	4.8252706199999995	7.61	2.1	ENSG00000088038
paip1	4.654009991666666	12.12	0.8666666666666667	ENSG00000172239
hint1	7.4635889	13.76	44.63333333333333	ENSG00000169567
dek	4.792802676666667	8.95	4.883333333333334	ENSG00000124795
sf3b4	5.262543365	7.96	58.766666666666666	ENSG00000143368
ppp2r5e	4.340223871666667	9.47	5.383333333333334	ENSG00000154001
ndufs2	6.936868531666667	15.52	1.8166666666666667	ENSG00000158864
aldh3a2	6.159371735	9.09	67.11666666666666	ENSG00000072210
pcna	3.5335645616666667	10.44	1.7666666666666666	ENSG00000132646
hagh	7.8038777066666665	13.68	2.95	ENSG00000063854
timm17a	4.6411231866666665	6.65	3.6666666666666665	ENSG00000134375
pfdn5	5.803911453333333	11.85	55.78333333333333	ENSG00000123349
cdipt	10.010171578333335	11.26	3.933333333333333	ENSG00000103502
etfa	6.44481252	14.68	2.25	ENSG00000140374
psma6	9.326252758333334	10.36	0.7833333333333333	ENSG00000100902
prpf4b	3.4576966583333335	6.79	56.766666666666666	ENSG00000112739
psmc2	7.020839051666667	10.81	5.0	ENSG00000161057
gps2	6.64006001	7.89	21.933333333333334	ENSG00000132522
ppid	5.102049876666666	8.97	1.1333333333333333	ENSG00000171497
txnrd1	4.87748273	9.04	1.4333333333333333	ENSG00000198431
cherp	3.5630552399999997	8.15	1.8666666666666667	ENSG00000085872
gosr2	2.618596306666667	9.52	46.68333333333333	ENSG00000108433
itch	3.9066429966666667	8.49	48.88333333333333	ENSG00000078747
drap1	10.524677913333333	19.32	67.35	ENSG00000175550
usp14	6.444912128333333	13.48	66.35	ENSG00000101557
mtx2	6.014492863333333	10.75	3.3833333333333333	---
me2	6.904175616666667	17.75	1.2	ENSG00000082212
clpp	7.781311971666667	11.79	1.7333333333333334	ENSG00000125656
atp5h	10.192029781666667	16.75	51.6	ENSG00000167863
cox5b	6.570180738333334	10.94	2.2666666666666666	ENSG00000135940
npc2	10.196254320000001	27.51	44.25	ENSG00000119655
cdc37	8.188814438333333	28.42	69.2	ENSG00000105401
uap1	5.34672331	6.08	2.55	ENSG00000117143
psma1	6.6401285833333334	10.97	70.53333333333333	ENSG00000129084
trim28	7.5234185799999995	11.43	5.066666666666666	ENSG00000130726
cars	6.4611769699999995	9.76	64.66666666666667	ENSG00000110619
top2b	6.020308185	15.94	1.6666666666666667	ENSG00000077097
wbscr22	9.27954131	10.27	64.23333333333333	ENSG00000071462
abcb7	8.460508443333334	12.51	13.733333333333333	ENSG00000131269
cope	12.771830936666667	13.59	64.86666666666666	ENSG00000105669
acp1	5.846831881666666	7.39	3.7666666666666666	ENSG00000143727
gsk3b	3.5104501249999998	6.78	49.28333333333333	ENSG00000082701
tcf20	4.676576965	8.1	2.2	ENSG00000100207
dctn3	10.987170433333334	11.82	32.983333333333334	ENSG00000137100
agpat1	8.710047591666667	14.2	7.8	ENSG00000204310
mapkapk2	5.669840065	12.1	65.21666666666667	ENSG00000162889
ap1g1	5.368366345	6.01	57.45	ENSG00000166747
arih2	5.579498621666667	11.09	18.2	ENSG00000177479
tars	5.3005495866666665	11.95	42.55	ENSG00000113407
uchl3	6.763314533333333	11.32	1.3666666666666667	ENSG00000118939
yme1l1	5.405652571666667	12.01	1.2833333333333334	ENSG00000136758
aldh9a1	6.928280781666667	18.57	10.9	ENSG00000143149
snx4	5.15862926	12.33	0.9	ENSG00000114520
cd63	10.97064108	12.45	25.133333333333333	ENSG00000135404
cul1	5.028755098333334	10.01	1.2333333333333334	ENSG00000055130
cpne1	6.270471681666667	10.06	19.083333333333332	ENSG00000214078
ndufb5	9.545367928333333	15.03	79.36666666666666	ENSG00000136521
rala	5.876518308333333	16.06	1.95	ENSG00000006451
tor1b	4.017834286666667	7.02	2.6	ENSG00000136816
polr2h	4.809002981666667	5.71	41.28333333333333	ENSG00000163882
mphosph10	3.3282797299999998	5.63	13.9	ENSG00000124383
zmpste24	6.38746349	17.48	5.583333333333333	ENSG00000084073
ppif	4.460013228333334	5.49	1.0	ENSG00000108179
canx	5.811890908333334	28.8	22.183333333333334	ENSG00000127022
gpi	10.108023771666666	27.15	29.883333333333333	ENSG00000105220
psmb5	7.27447074	9.91	1.7333333333333334	ENSG00000100804
psmb4	7.654156136666667	15.01	8.633333333333333	ENSG00000159377
scp2	6.195423198333333	22.84	20.45	ENSG00000116171
rfc1	5.194032213333333	11.51	1.6	ENSG00000035928
rbmx	5.077815585	6.27	38.63333333333333	ENSG00000147274
ufd1l	5.969890968333333	6.92	12.15	ENSG00000070010
ddx17	4.061427566666667	11.04	62.38333333333333	ENSG00000100201
capn1	9.171895619999999	16.52	25.0	ENSG00000014216
tmf1	4.0798052799999995	7.28	72.18333333333334	ENSG00000144747
nup133	5.52298338	16.25	1.3666666666666667	ENSG00000069248
pura	2.464115215	3.9	52.93333333333333	ENSG00000185129
cdk9	2.979051195	7.52	71.78333333333333	ENSG00000136807
taf12	6.357610363333333	9.34	1.15	ENSG00000120656
ptpn1	4.50966058	8.35	26.716666666666665	ENSG00000196396
stat3	5.799830183333333	12.75	66.53333333333333	ENSG00000168610
xrcc5	6.377963866666667	14.92	1.9833333333333334	ENSG00000079246
ftsj1	7.877618345	16.04	58.35	ENSG00000068438
fibp	9.697473788333333	5.7	46.86666666666667	ENSG00000172500
nqo2	5.7784133849999995	14.41	0.8333333333333334	ENSG00000124588
rab1a	4.876110586666667	10.07	0.7666666666666667	ENSG00000138069
mgmt	7.002833905	12.83	30.633333333333333	ENSG00000170430
h2afy	7.437797598333333	12.52	53.416666666666664	ENSG00000113648
bcas2	3.8120321883333332	10.3	1.0666666666666667	ENSG00000116752
glo1	7.3334199233333335	7.79	4.916666666666667	ENSG00000124767
xpot	5.025307926666667	13.75	68.61666666666666	ENSG00000184575
cdc23	4.7878261166666665	10.46	1.2333333333333334	ENSG00000094880
znf22	4.963045388333333	5.65	45.733333333333334	ENSG00000165512
nap1l4	5.850858246666666	10.86	3.066666666666667	ENSG00000205531
cbx3	5.054931906666667	7.76	8.116666666666667	ENSG00000122565
etfb	7.680008849999999	15.91	73.25	ENSG00000105379
sf3b3	4.833975826666667	13.15	11.25	ENSG00000189091
ube4a	6.041168395	13.42	2.05	ENSG00000110344
raf1	5.108382888333334	7.86	12.2	ENSG00000132155
pmvk	6.932922966666666	9.34	65.21666666666667	ENSG00000163344
asna1	7.293027631666666	12.25	4.85	ENSG00000198356
cdc16	5.103950968333334	9.23	18.0	ENSG00000130177
ncstn	4.5609902516666665	13.78	51.1	ENSG00000162736
ugp2	5.46326206	13.92	11.283333333333333	ENSG00000169764
lrpap1	13.30163927	16.33	22.916666666666668	ENSG00000163956
pwp1	6.1298246	10.51	1.1833333333333333	ENSG00000136045
cox11	5.037333995	5.45	67.35	ENSG00000166260
ppih	5.16173289	3.69	65.41666666666667	ENSG00000171960
ssrp1	4.264486965	13.97	60.6	ENSG00000149136
prdx2	8.326789503333334	12.56	58.733333333333334	ENSG00000167815
pfn1	8.103104843333334	16.04	10.183333333333334	ENSG00000108518
cops3	5.353580515	7.8	1.95	ENSG00000141030
adsl	7.977156658333333	12.77	1.6166666666666667	ENSG00000239900
gns	7.24107756	16.02	8.816666666666666	ENSG00000135677
crk	4.7395875866666675	6.28	30.083333333333332	ENSG00000167193
smarca4	7.442345591666666	18.59	37.71666666666667	ENSG00000127616
srp19	4.485292135	8.78	1.1	ENSG00000153037
mapre2	5.066654071666666	16.13	1.0833333333333333	ENSG00000166974
cltc	6.025370166666666	14.6	1.85	ENSG00000141367
psmd5	4.883030251666667	7.46	63.2	ENSG00000095261
ppp6c	4.413597975	5.85	2.8833333333333333	ENSG00000119414
cct8	5.127739186666667	13.3	2.9833333333333334	ENSG00000156261
spag9	4.542109223333333	12.81	57.3	ENSG00000008294
ywhae	6.834121781666667	17.75	1.2833333333333334	ENSG00000108953
dars	6.650578303333333	14.56	5.633333333333334	ENSG00000115866
slc25a5	7.2067158283333335	14.21	2.2666666666666666	ENSG00000005022
pik3r4	4.736181871666667	12.02	1.2	ENSG00000196455
clpx	5.05430477	8.42	1.2666666666666666	ENSG00000166855
mrpl33	4.985558681666666	7.95	53.05	ENSG00000243147
polr2b	6.331279446666667	11.94	43.483333333333334	ENSG00000047315
nisch	5.230307048333333	14.48	79.55	ENSG00000010322
rpl6	6.005028371666667	9.99	53.96666666666667	ENSG00000089009
bag1	4.296053608333334	20.34	55.38333333333333	ENSG00000107262
ppp4c	8.953257953333333	8.12	43.766666666666666	ENSG00000149923
snrpd1	4.09900919	8.21	4.3	ENSG00000167088
prpf31	6.994186525	16.56	51.88333333333333	ENSG00000105618
khdrbs1	5.414185573333333	14.35	26.95	ENSG00000121774
ppp2r2a	4.2783506650000005	4.85	1.1333333333333333	ENSG00000221914
cox6c	12.117360376666666	13.98	4.016666666666667	ENSG00000164919
cct4	6.9696954	9.95	24.533333333333335	ENSG00000115484
itpa	5.921982656666667	9.23	7.233333333333333	ENSG00000125877
hat1	6.048986803333333	8.94	0.95	ENSG00000128708
ndufs5	13.243153315	18.34	44.7	ENSG00000168653
cct5	5.620986766666666	13.55	4.333333333333333	ENSG00000150753
urod	7.114263563333334	14.67	72.6	ENSG00000126088
pgk1	10.330898156666667	18.21	47.55	ENSG00000102144
cd81	11.68462012	18.14	82.35	ENSG00000110651
cnot2	4.441086858333334	5.09	1.3833333333333333	ENSG00000111596
polr2c	5.937507788333334	6.69	3.566666666666667	ENSG00000102978
trip12	5.78465803	12.77	5.15	ENSG00000153827
psma4	7.613400943333334	11.45	0.9333333333333333	ENSG00000041357
h2afz	7.083441728333333	19.97	4.0	ENSG00000164032
prdx3	7.0037778699999995	10.43	3.95	ENSG00000165672
kpnb1	5.404360751666667	13.78	1.3833333333333333	ENSG00000108424
copa	7.517604716666667	18.03	4.4	ENSG00000122218
nubp1	7.1900126066666665	9.18	1.3166666666666667	ENSG00000103274
esd	7.801389331666667	13.37	11.716666666666667	ENSG00000139684
tial1	4.496088388333334	9.43	47.96666666666667	ENSG00000151923
dctn2	9.952584096666667	11.62	8.516666666666667	ENSG00000175203
rfc2	6.424678259999999	7.88	2.5166666666666666	ENSG00000049541
psma2	8.869159348333334	11.81	37.65	ENSG00000106588
eef1e1	5.031517355	6.25	1.1333333333333333	ENSG00000124802
dpm1	4.724540383333333	12.05	1.9666666666666666	ENSG00000000419
tmpo	5.340261636666667	9.32	3.3	ENSG00000120802
atic	8.011175035	13.09	6.016666666666667	ENSG00000138363
ppp2r5a	4.516328685	12.22	1.0333333333333334	ENSG00000066027
dnajc9	3.3781826883333332	11.42	10.366666666666667	ENSG00000213551
polr2g	9.162862438333333	7.21	3.05	ENSG00000168002
bckdha	7.545789176666667	16.72	1.45	ENSG00000142046
sdha	4.602551578333333	17.5	1.7833333333333334	ENSG00000073578
atp6v0d1	11.094252751666666	14.2	2.25	ENSG00000159720
srp72	7.02487141	11.15	4.716666666666667	ENSG00000174780
nedd8	14.545381366666668	12.63	81.26666666666667	ENSG00000129559
hdac6	5.865461456666667	11.1	66.46666666666667	ENSG00000094631
mlf2	8.345603576666667	14.92	63.35	ENSG00000089693
polr2l	8.60148622	9.64	18.666666666666668	ENSG00000177700
rpl32	1.0995062434999998	15.09	39.8	ENSG00000144713
usp7	4.688483706666667	10.38	1.2166666666666666	ENSG00000187555
ppp1r10	2.44085377	3.92	61.85	ENSG00000204569
drg2	7.990899641666667	9.44	9.85	ENSG00000108591
atp5j	6.406205821666666	12.15	12.016666666666667	ENSG00000154723
pop5	6.526635771666666	9.05	6.7	ENSG00000167272
ppp1ca	14.054332705	15.75	42.1	ENSG00000172531
lamp2	6.469282281666667	23.16	15.35	ENSG00000005893
mpdu1	11.15918893	8.69	48.5	ENSG00000129255
phb	9.534583455	10.07	4.716666666666667	ENSG00000167085
psmd7	3.7832190000000003	8.89	16.783333333333335	ENSG00000103035
atp6v1f	8.011708281666667	10.89	3.0	ENSG00000128524
pqbp1	7.354480546666666	16.42	4.85	ENSG00000102103
fh	7.049104728333333	11.43	1.0833333333333333	ENSG00000091483
tceb1	5.114682985	8.96	1.0166666666666666	ENSG00000154582
cggbp1	3.5795521483333332	7.01	21.85	ENSG00000163320
c1qbp	7.454159281666667	8.55	20.65	ENSG00000108561
tbcc	2.0370205466666667	5.72	10.35	ENSG00000124659
cox7c	8.9580901	19.67	11.9	ENSG00000127184
zfpl1	4.635828191666667	7.87	4.65	ENSG00000162300
sart3	4.7710427766666665	8.34	1.1333333333333333	ENSG00000075856
trap1	11.364038946666666	11.63	31.216666666666665	ENSG00000126602
cdk2ap1	6.8476766499999995	10	19.416666666666668	ENSG00000111328
prkaa1	4.4152199083333326	5.1	50.78333333333333	ENSG00000132356
pafah1b1	5.070455716666667	8.26	62.35	ENSG00000007168
lrpprc	5.827017866666667	15.54	2.183333333333333	ENSG00000138095
vamp5	5.639298955	8.78	61.38333333333333	ENSG00000168899
ptp4a2	5.004640158333333	13.21	4.333333333333333	ENSG00000184007
mapk9	6.951132405	9.37	4.416666666666667	ENSG00000050748
lsm5	4.3388889200000005	15.17	47.2	ENSG00000106355
cstf1	2.3965006483333338	3.67	0.75	ENSG00000101138
raly	10.978839603333334	14.92	4.25	ENSG00000125970
cdk4	7.628306768333333	10.49	2.45	ENSG00000135446
znf259	4.7942996566666665	9.26	11.3	ENSG00000109917
hspa5	3.847125441666667	16.07	38.983333333333334	ENSG00000044574
mrpl9	5.727768471666667	7.7	7.9	ENSG00000143436
snx17	8.630643046666668	10.47	13.433333333333334	ENSG00000115234
srrm1	4.322963606666666	7.36	1.5	ENSG00000133226
rpl30	10.709327994999999	13.62	66.68333333333334	ENSG00000156482
rbm5	2.9383602150000003	4.21	3.9166666666666665	ENSG00000003756
arhgdia	5.583273523333333	23.67	2.1	ENSG00000141522
nfyc	4.725670665	8.19	1.1166666666666667	ENSG00000066136
pip5k1a	5.013382160000001	4.16	56.13333333333333	ENSG00000143398
eif4a1	4.693548425	5.86	5.133333333333334	ENSG00000161960
eif2s2	4.673068795000001	10.43	1.3333333333333333	ENSG00000125977
lsm3	7.37017335	6.82	21.383333333333333	ENSG00000170860
uqcrc1	13.141211731666667	17.88	2.9	ENSG00000010256
pdhb	4.862664436666666	9.56	1.0166666666666666	ENSG00000168291
sf3a1	4.750642235	10.52	3.0	ENSG00000099995
pik3r1	2.11489712	3.91	1.8166666666666667	ENSG00000145675
uqcrc2	7.475756316666667	11.55	104.36666666666666	ENSG00000140740
ppp1r11	5.69069816	18.68	1.75	ENSG00000204619
htatip2	8.290895279999999	10.85	57.81666666666667	ENSG00000109854
mapk1	5.280994205	9.87	10.45	ENSG00000100030
rdx	6.07510555	13.2	2.0833333333333335	ENSG00000137710
gtf3c1	6.716220183333333	13.45	5.733333333333333	ENSG00000077235
btf3	5.719192123333333	10.96	33.28333333333333	ENSG00000145741
nek9	5.227786736666667	11.36	21.783333333333335	ENSG00000119638
ibtk	3.8496029366666664	6.96	50.416666666666664	ENSG00000005700
usp19	6.147111325	9.09	4.3	ENSG00000172046
baz1b	4.256453413333333	9.16	0.9	ENSG00000009954
rfc5	3.7847479	6.59	31.783333333333335	ENSG00000111445
atp5c1	12.956518076666667	14.17	10.0	ENSG00000165629
pcbp2	4.806902653333333	18.35	86.48333333333333	ENSG00000197111
ranbp1	7.970016806666666	8.23	75.33333333333333	ENSG00000099901
mars	7.121969543333334	16.23	45.166666666666664	ENSG00000166986
rps6kb1	3.664325101666667	9.51	1.9	ENSG00000108443
khsrp	5.459036016666667	9.17	21.866666666666667	ENSG00000088247
ap3b1	5.65746054	22.07	30.983333333333334	ENSG00000132842
actr1a	8.837882948333334	11.48	4.316666666666666	ENSG00000138107
rps24	7.74562892	11.13	85.16666666666667	ENSG00000138326
napa	10.605755069999999	10.98	5.266666666666667	ENSG00000105402
hyou1	6.3942937466666665	24.35	15.383333333333333	ENSG00000149428
pnn	2.3778667716666666	8.69	2.3333333333333335	ENSG00000100941
gdi2	8.46799293	16.68	6.65	ENSG00000057608
ap2s1	8.854105071666668	15.47	30.933333333333334	ENSG00000042753
il6st	4.817013616666667	9.19	27.5	ENSG00000134352
sdhc	7.2267633600000005	12.94	6.683333333333334	ENSG00000143252
polr2j	6.387769961666667	8.8	25.95	ENSG00000005075
mtm1	5.026793868333333	7.64	68.68333333333334	ENSG00000171100
pitpnb	5.371322913333334	11.84	42.3	ENSG00000180957
hax1	10.014958746666668	7.54	2.566666666666667	ENSG00000143575
psmc3	7.240628665	13.49	2.75	ENSG00000165916
kars	7.96799738	15.78	60.61666666666667	ENSG00000065427
aamp	10.91250906	12.72	2.55	ENSG00000127837
pold2	10.427933511666668	12.98	63.38333333333333	ENSG00000106628
gtf2b	4.492252570000001	4.64	0.5166666666666667	ENSG00000137947
gsk3a	6.520619938333334	9.33	13.116666666666667	ENSG00000105723
slc25a3	5.845808921666667	12.54	13.083333333333334	ENSG00000075415
rps5	18.660897716666668	15.92	50.06666666666667	ENSG00000083845
rcn2	5.691878218333333	15.35	66.23333333333333	ENSG00000117906
cyc1	11.033889053333333	12.73	16.716666666666665	ENSG00000179091
ddx18	5.1775825499999995	10.79	4.016666666666667	ENSG00000088205
pa2g4	5.6297543716666665	20.17	4.166666666666667	ENSG00000170515
sdf2	5.4755682100000005	9.57	1.5666666666666667	ENSG00000132581
usp8	4.464574978333333	14.92	1.8166666666666667	ENSG00000138592
nit1	3.02985163	6.64	3.25	ENSG00000158793
mbd3	6.617891421666667	12.02	28.05	ENSG00000071655
supv3l1	5.190716243333333	6.88	1.0333333333333334	ENSG00000156502
gosr1	3.8275222566666667	5.19	4.966666666666667	ENSG00000108587
csnk1d	5.32708517	6.85	26.866666666666667	ENSG00000141551
gss	8.238711098333333	14.81	96.55	ENSG00000100983
atp5o	8.51802401	14.35	13.583333333333334	ENSG00000241837
pole3	3.299361106666667	7.74	47.61666666666667	ENSG00000148229
psmb6	9.845489018333334	13.36	17.666666666666668	ENSG00000142507
ahcy	8.237531856666667	15.84	62.56666666666667	ENSG00000101444
sf3b2	6.911832473333333	15.86	2.8	ENSG00000087365
ilvbl	7.28923152	11.97	4.1	ENSG00000105135
atp5d	11.042080656666666	16.9	76.18333333333334	ENSG00000099624
laptm4a	7.798169191666667	16.71	2.45	ENSG00000068697
papola	6.378369875000001	13.72	8.15	ENSG00000090060
atp6v1g1	4.8941181516666665	8.95	12.4	ENSG00000136888
znf207	3.7303191933333335	7.84	2.8666666666666667	ENSG00000010244
rpa3	5.449362053333333	8.42	20.233333333333334	ENSG00000106399
srp9	6.737374736666666	5.83	2.183333333333333	ENSG00000143742
ppfia1	4.258601958333333	11.17	22.183333333333334	ENSG00000131626
snrpg	4.431449171666667	5.65	0.8333333333333334	ENSG00000143977
ctcf	2.8750470483333337	6.34	1.0	ENSG00000102974
eif2s1	5.036505795	11.92	22.266666666666666	ENSG00000134001
supt5h	7.890978761666667	11.43	58.88333333333333	ENSG00000196235
prpf8	5.891539581666667	17.85	2.6	ENSG00000174231
ebna1bp2	6.859776765	16.67	55.083333333333336	ENSG00000117395
taf9	4.769580723333333	15.42	59.13333333333333	ENSG00000085231
psmf1	6.512530245	13.51	1.6166666666666667	ENSG00000125818
cstb	6.602237715	12.15	5.216666666666667	ENSG00000160213
mcm3ap	5.430614351666667	13	70.43333333333334	ENSG00000160294
psmd1	5.8918801316666665	19.69	1.6666666666666667	ENSG00000173692
pias1	2.873718623333333	4.84	1.0	ENSG00000033800
rrm1	7.0743890616666665	16.01	2.7333333333333334	ENSG00000167325
cdc27	4.899876128333333	5.45	1.7333333333333334	ENSG00000004897
setdb1	5.409332573333333	7.32	66.88333333333334	ENSG00000143379
prep	6.706141883333333	13.03	43.85	ENSG00000085377
ywhab	6.753037785	15.62	28.583333333333332	ENSG00000166913
ercc1	6.800079273333334	7.71	5.966666666666667	ENSG00000012061
tbce	5.274510561666667	3.42	4.783333333333333	ENSG00000116957
abce1	6.4453510666666665	11.51	1.3	ENSG00000164163
guk1	11.570518561666667	12.71	68.78333333333333	ENSG00000143774
hdgf	8.976540963333333	17.59	4.45	ENSG00000143321
rb1cc1	6.183370905	9.01	3.2333333333333334	ENSG00000023287
elac2	7.373207788333334	11.69	29.166666666666668	ENSG00000006744
nolc1	4.314141745	12.17	9.4	ENSG00000166197
atp6v1e1	6.394810233333333	9.47	1.1166666666666667	ENSG00000131100
tsfm	5.530426773333334	7.47	1.9333333333333333	ENSG00000123297
naca	5.00459112	14.15	55.166666666666664	ENSG00000196531
capns1	15.08192293	15.09	59.016666666666666	ENSG00000126247
iars	6.213893946666667	14.73	58.416666666666664	ENSG00000196305
rqcd1	4.5804082500000005	7.93	5.516666666666667	ENSG00000144580
ndufb3	8.452699814999999	9.67	20.083333333333332	ENSG00000119013
pcf11	3.0781389866666666	3.28	0.7666666666666667	ENSG00000165494
ppm1a	4.666694721666667	8.39	2.35	ENSG00000100614
hn1l	6.61101973	9.21	10.2	ENSG00000206053
tax1bp1	6.479092755	13.6	26.833333333333332	ENSG00000106052
adk	6.1130054199999995	14.7	18.4	ENSG00000156110
pgrmc2	5.001964275000001	15.56	48.11666666666667	ENSG00000164040
psmc4	8.780227068333334	10.52	48.18333333333333	ENSG00000013275
rabggta	6.4541804250000006	7.76	64.6	ENSG00000100949
clk3	3.2381895516666663	5.04	0.5833333333333334	ENSG00000179335
ndufs8	6.459150181666667	14.31	20.9	ENSG00000110717
bre	8.383018045	13.9	46.95	ENSG00000158019
mrps31	5.3057256766666665	6.13	1.15	ENSG00000102738
abcf2	5.475627636666667	14.44	50.233333333333334	ENSG00000033050
ddx1	6.456438383333333	12.64	0.8833333333333333	ENSG00000079785
bnip1	3.5846851083333333	5.09	2.033333333333333	ENSG00000113734
psmd12	4.944358043333334	8.84	29.916666666666668	ENSG00000197170
prcc	4.709545718333334	6.98	0.8833333333333333	ENSG00000143294
med8	4.343383838333334	8.73	1.1333333333333333	ENSG00000159479
gabarap	10.49534466	18.48	5.283333333333333	ENSG00000170296
ndufs3	7.69400623	12.13	49.75	ENSG00000213619
top1	4.961963286666667	9.85	11.466666666666667	ENSG00000198900
ppig	4.09413484	18.64	1.3333333333333333	ENSG00000138398
arfgef2	4.674917443333333	13.63	75.98333333333333	ENSG00000124198
mgat2	2.4943988816666667	7.35	0.85	ENSG00000168282
cox4i1	4.892703265	15.22	74.63333333333334	ENSG00000131143
wbp2	7.721275271666667	11.04	4.233333333333333	ENSG00000132471
ndufa7	8.104342718333333	18.15	21.766666666666666	ENSG00000167774
cstf2t	2.364088685	4.78	1.5833333333333333	ENSG00000177613
grhpr	5.195381431666666	15.54	5.833333333333333	ENSG00000137106
son	3.3452816316666665	8.01	11.983333333333333	ENSG00000159140
ttc1	5.887588429999999	6.02	2.033333333333333	ENSG00000113312
etv6	3.6336107600000003	5.54	56.96666666666667	ENSG00000139083
akap9	4.3179374133333335	11.16	64.66666666666667	---
tbcd	8.292183551666666	21.4	70.4	ENSG00000141556
cox7a2	7.619209198333333	14.92	4.883333333333334	ENSG00000112695
shoc2	3.8123655	7.23	1.3666666666666667	ENSG00000108061
sod1	8.478893496666666	14.86	4.25	ENSG00000142168
polr2e	15.041033806666666	10.84	8.283333333333333	ENSG00000099817
mtmr6	6.009008791666667	9.36	1.15	ENSG00000139505
idh3g	7.273927461666667	14.07	4.466666666666667	ENSG00000067829
tfip11	3.696499836666667	8.32	44.5	ENSG00000100109
fen1	3.5747365149999997	5.42	0.2	ENSG00000168496
paics	6.798942333333333	14	6.083333333333333	ENSG00000128050
snrpd2	9.449092463333333	17.15	95.83333333333333	ENSG00000125743
arhgap5	4.7228691650000005	5.54	4.883333333333334	ENSG00000100852
capzb	12.20978002	14.5	72.36666666666666	ENSG00000077549
mkln1	5.009373758333334	13.38	40.96666666666667	ENSG00000128585
ndufa5	6.17155551	10.93	6.283333333333333	ENSG00000128609
tpi1	10.681047886666667	24.57	60.3	ENSG00000111669
fkbp3	4.826569633333333	7.7	73.83333333333333	ENSG00000100442
arfgap3	4.949214596666667	7.53	2.4	ENSG00000242247
rpl14	5.72737389	16.42	58.916666666666664	ENSG00000188846
h2afx	3.562868598333333	5.27	50.8	ENSG00000188486
hdlbp	4.075273493333333	18.67	5.85	---
erh	7.027489698333333	6.23	3.55	ENSG00000100632
atox1	6.6915234283333325	12.51	63.016666666666666	ENSG00000177556
cul5	5.010083213333333	9.4	9.1	ENSG00000166266
tbc1d1	5.95045895	7.62	7.85	ENSG00000065882
eef1b2	4.631192850000001	19.06	14.916666666666666	ENSG00000114942
ckap4	4.828765613333333	10.49	1.1166666666666667	ENSG00000136026
ranbp3	6.0668850616666665	8.08	10.716666666666667	ENSG00000031823
bpgm	4.6657291983333335	6.66	2.3333333333333335	ENSG00000172331
yy1	4.688127468333334	6.4	4.9	ENSG00000100811
tsg101	6.137929895	10.99	0.5833333333333334	ENSG00000074319
osbpl2	5.583263035	7.6	2.033333333333333	ENSG00000130703
ebag9	5.35213151	9.06	2.5	ENSG00000147654
galk2	5.082279848333333	17	7.85	ENSG00000156958
csnk2b	8.643070758333332	13.45	2.183333333333333	ENSG00000204435
ssr1	4.995148181666666	24.81	9.616666666666667	ENSG00000124783
mrpl3	6.384659193333333	9	1.8166666666666667	ENSG00000114686
cct3	7.785247621666667	13.66	2.4833333333333334	ENSG00000163468
rab21	5.091805318333333	9.63	0.8833333333333333	ENSG00000080371
ewsr1	4.601168918333333	9.88	7.95	ENSG00000182944
prps1	7.3784843716666675	10.39	4.0	ENSG00000147224
timm44	7.664421316666666	6.84	39.733333333333334	ENSG00000104980
akap8	3.8919450416666668	6.77	72.0	ENSG00000105127
ube2d2	5.998461108333333	8.26	1.8	ENSG00000131508
aes	10.924158341666667	22.71	12.083333333333334	ENSG00000104964
rangap1	6.2034711866666665	11.73	33.11666666666667	ENSG00000100401
eif5	2.1854881333333336	11.44	61.85	ENSG00000100664
ssb	4.440533501666667	8.69	1.6	ENSG00000138385
mrps14	3.9114684183333335	15.33	3.2333333333333334	ENSG00000120333
fnta	5.710405	11.33	1.5833333333333333	ENSG00000168522
dut	5.647870451666666	12.86	102.9	ENSG00000128951
hspa4	7.110863878333333	19.07	0.9	ENSG00000170606
vbp1	7.132857206666667	8.37	55.916666666666664	ENSG00000155959
rtn4	4.51092331	21.16	60.3	ENSG00000115310
hdac2	6.497279453333333	12.01	1.1333333333333333	ENSG00000196591
dr1	4.867635086666667	5.27	1.1833333333333333	ENSG00000117505
lamp1	6.7142345416666664	22.98	82.06666666666666	ENSG00000185896
ppp2r1a	9.387571516666666	15.07	1.9	ENSG00000105568
galnt2	5.754410513333334	17.17	74.73333333333333	ENSG00000143641
pin1	9.163769245	24.36	27.166666666666668	ENSG00000127445
nudc	7.8282366549999995	14.1	40.11666666666667	ENSG00000090273
ash2l	5.864437976666666	12.51	1.6	ENSG00000129691
usp9x	5.136396896666667	16.24	3.0833333333333335	ENSG00000124486
gart	5.831070335000001	14.13	1.1833333333333333	ENSG00000159131
rad23b	4.833442083333334	16.08	0.9	ENSG00000119318
vrk2	6.22509783	7.28	5.666666666666667	ENSG00000028116
golga1	4.394677745	7.93	50.65	ENSG00000136935
wdr1	8.50747333	12.34	8.316666666666666	ENSG00000071127
pcbp1	3.0886810283333332	6.38	1.45	ENSG00000169564
ddx27	6.038929381666667	10.06	31.9	ENSG00000124228
hcfc1	4.738663705	13.63	15.533333333333333	ENSG00000172534
dld	5.284802731666667	8.17	1.1166666666666667	ENSG00000091140
hmbs	7.186618758333334	11.7	0.23333333333333334	ENSG00000149397
taz	5.564223665	8.36	61.35	ENSG00000102125
sdhb	9.050317061666668	14.7	1.25	ENSG00000117118
arf1	5.66161246	12.15	2.6333333333333333	ENSG00000143761
nono	5.4914898616666665	15.08	46.083333333333336	ENSG00000147140
arl1	7.086745763333334	7.87	4.866666666666666	ENSG00000120805
rpp14	3.4356071349999997	9.14	63.18333333333333	ENSG00000163684
ldha	7.798348736666667	23.93	1.9333333333333333	ENSG00000134333
pik3cb	4.390193036666667	6.09	59.28333333333333	ENSG00000051382
map2k1	6.679896025000001	11.12	97.36666666666666	ENSG00000169032
psmb3	16.625038975	12.85	1.3666666666666667	ENSG00000108294
auh	4.66713891	6.47	35.15	ENSG00000148090
ube4b	5.574474178333333	13	36.233333333333334	ENSG00000130939
immt	6.659463746666666	16.26	2.933333333333333	ENSG00000132305
rbm10	7.746000405	11.82	2.4	ENSG00000182872
uba2	5.516678428333334	11.5	2.3833333333333333	ENSG00000126261
ndufa2	8.451592721666666	14.4	51.8	ENSG00000131495
ripk1	3.9213319966666664	7.66	17.266666666666666	ENSG00000137275
golgb1	4.473681343333333	10.1	6.95	ENSG00000173230
copb2	6.104271913333333	16.1	1.3666666666666667	ENSG00000184432
rpp38	1.0838443203333334	3.12	0.7666666666666667	ENSG00000152464
strn3	4.431263375	6.75	25.166666666666668	ENSG00000196792
sdhd	4.008822558333334	9.09	2.55	ENSG00000204370
psmb1	7.147649376666666	13.19	1.8	ENSG00000008018
idh3b	9.725459103333332	9.52	38.416666666666664	ENSG00000101365
ndufs6	7.433686425	22.92	1.9666666666666666	ENSG00000145494
maged1	8.999340541666667	16.35	2.35	ENSG00000179222
ube2l3	5.169595941666667	13.51	1.6	ENSG00000185651
lig3	5.417372858333334	7.09	43.016666666666666	ENSG00000005156
cops5	4.802179558333333	10.34	1.5833333333333333	ENSG00000121022
srp14	7.707015131666666	12.24	74.85	ENSG00000140319
gtf2f1	6.1598399383333335	9.36	3.65	ENSG00000125651
ddx21	3.9253096883333334	8.24	73.28333333333333	ENSG00000165732
anxa7	7.00921425	12.58	63.5	ENSG00000138279
anxa6	10.489091778333334	19.67	4.6	ENSG00000197043
dnm1l	5.001772543333333	7.17	2.8666666666666667	ENSG00000087470
aasdhppt	5.505911818333333	9.01	1.1	ENSG00000149313
gbf1	5.713550436666667	14.66	9.916666666666666	ENSG00000107862
rbm14	4.5588858100000005	10.9	3.55	ENSG00000239306
psme3	5.666935176666667	10.01	17.516666666666666	ENSG00000131467
surf1	4.10051496	10.61	20.233333333333334	ENSG00000148290
golga3	4.786879021666667	10.32	16.6	ENSG00000090615
dscr3	5.0324827050000005	8.37	1.8166666666666667	ENSG00000157538
pcmt1	8.107425726666667	9.86	3.3833333333333333	ENSG00000120265
lias	4.629053523333334	8.16	20.85	ENSG00000121897
ncl	3.6521325200000003	27.85	22.216666666666665	ENSG00000115053
helz	3.494214626666667	8.59	83.03333333333333	ENSG00000198265
gorasp2	4.31406914	12.67	49.7	ENSG00000115806
sec24b	3.718307436666667	6.67	0.8833333333333333	ENSG00000138802
acox1	5.349206143333333	10.84	0.5333333333333333	ENSG00000161533
ssbp1	5.628943238333333	12.24	1.8333333333333333	ENSG00000106028
snrpd3	5.042864963333333	10.7	3.8833333333333333	ENSG00000100028
oxa1l	6.260061390000001	11.98	8.233333333333333	ENSG00000155463
nucb1	10.176549243333334	32.69	66.71666666666667	ENSG00000104805
eif2b2	5.59654589	8.83	68.2	ENSG00000119718
calu	5.555358485	20.43	41.13333333333333	ENSG00000128595
hgs	7.210671365	12	3.816666666666667	ENSG00000185359
mtmr1	5.470696351666667	10.07	12.933333333333334	ENSG00000063601
snrpa	3.415987438333333	11.55	23.9	ENSG00000077312
tfdp1	5.624326475	6.16	69.98333333333333	ENSG00000198176
oat	6.733957833333333	14.12	60.36666666666667	ENSG00000065154
ppp2r5c	6.1665328116666664	12.34	2.05	ENSG00000078304
grsf1	5.416968156666667	9.28	12.733333333333333	ENSG00000132463
eif4g1	5.317659313333333	17.81	19.516666666666666	ENSG00000114867
mbd2	4.766751186666666	11.1	20.6	ENSG00000134046
pdcd2	4.6037227099999996	7.12	69.25	ENSG00000071994
tcerg1	3.7541126216666667	8.31	54.38333333333333	ENSG00000113649
ddost	8.449529191666667	22.21	77.71666666666667	ENSG00000244038
ctnnb1	6.15109348	10.86	2.35	ENSG00000168036
sssca1	4.409004035	8.64	38.083333333333336	ENSG00000173465
ndufv2	7.1366519266666675	15.54	0.8	ENSG00000178127
yars	7.784789251666667	9.84	32.93333333333333	ENSG00000134684
pelp1	6.620439611666667	11.36	25.4	ENSG00000141456
pop4	5.389311873333333	4.88	1.8166666666666667	ENSG00000105171
mif	13.09566139	26.77	14.65	ENSG00000240972
pex14	4.605578601666666	11.56	0.8	ENSG00000142655
dnajc7	5.054341748333333	9.67	2.4	ENSG00000168259
snx3	8.030441513333333	14.36	2.5166666666666666	ENSG00000112335
sucla2	5.133267366666667	10.7	1.2166666666666666	ENSG00000136143
suclg2	8.233676151666666	14.19	62.5	ENSG00000172340
atp6v1c1	6.340934815	11.94	1.1666666666666667	ENSG00000155097
sec61b	8.67558238	14.67	2.1	ENSG00000106803
taldo1	12.200161433333333	14.96	5.233333333333333	ENSG00000177156
edf1	9.902611341666667	17.72	2.066666666666667	ENSG00000107223
fez2	5.368683748333334	6.27	1.4666666666666666	ENSG00000171055
agps	5.193005268333334	13.22	2.0833333333333335	ENSG00000018510
anp32a	5.0972071266666665	15.78	1.4666666666666666	ENSG00000140350
lsm4	10.19431433	15.22	62.93333333333333	ENSG00000130520
taf10	6.054627583333333	13.93	68.51666666666667	ENSG00000166337
aars	6.962391569999999	15.62	1.8666666666666667	ENSG00000090861
zfr	5.041914293333334	12.82	2.2666666666666666	ENSG00000056097
usp10	6.128611903333334	7.4	1.45	ENSG00000103194
rbm8a	3.0567378266666667	12.89	62.8	ENSG00000131795
mcm7	4.657878075	9.3	70.73333333333333	ENSG00000166508
arf6	3.0973686700000003	6.95	1.4833333333333334	ENSG00000165527
cct6a	5.189080941666666	11.42	62.11666666666667	ENSG00000146731
chd4	5.881895701666666	16.64	3.8	ENSG00000111642
ndufb7	13.024309968333334	15.2	7.75	ENSG00000099795
psen1	6.268962285	12.69	2.783333333333333	ENSG00000080815
ap1b1	10.291029941666666	15.36	31.116666666666667	ENSG00000100280
eed	3.25434908	5.33	1.25	ENSG00000074266
arcn1	5.339944116666667	11.11	1.4833333333333334	ENSG00000095139
nudt3	4.999029644999999	10.64	7.7	ENSG00000112664
mrps18b	5.449591463333333	7.48	1.25	ENSG00000204568
gsr	6.502266435	9.55	2.2666666666666666	ENSG00000104687
aip	7.720133649999999	13.18	24.5	ENSG00000110711
psmd13	9.98188684	16.8	1.4666666666666666	ENSG00000185627
tm9sf2	7.149569241666667	17.73	31.083333333333332	ENSG00000125304
tufm	8.915786485	20.23	58.61666666666667	ENSG00000178952
osbp	4.619022386666667	8.01	42.46666666666667	ENSG00000110048
cltb	8.903499335	15.2	1.1833333333333333	ENSG00000175416
rpa2	5.539036775	8.62	3.5166666666666666	ENSG00000117748
ube2e3	6.581740203333334	9.18	25.5	ENSG00000170035
tbca	7.88596438	14.08	1.4666666666666666	ENSG00000171530
rbm6	5.031917806666667	6.21	17.916666666666668	ENSG00000004534
wrb	8.342708916666668	9.55	0.6666666666666666	ENSG00000182093
stip1	7.23723417	16.72	35.63333333333333	ENSG00000168439
uqcrb	1.961300225	7.45	53.916666666666664	ENSG00000156467
casp3	4.044086818333333	6.27	0.55	ENSG00000164305
rad1	3.68550374	4.18	2.9166666666666665	ENSG00000113456
pdap1	5.929156633333333	21.52	54.25	ENSG00000106244
ndufa9	7.804958996666667	17.47	1.4333333333333333	ENSG00000139180
pcm1	5.1095641333333335	10.69	63.483333333333334	ENSG00000078674
tcp1	5.409878208333334	11.11	10.733333333333333	ENSG00000120438
sf3b1	4.30988736	12.84	43.016666666666666	ENSG00000115524
dad1	14.536217361666667	14	18.033333333333335	ENSG00000129562
adh5	8.360837915	12.38	3.4	ENSG00000197894
rpn1	10.084465213333335	38.12	3.1333333333333333	ENSG00000163902
bzw1	5.2345375716666664	11.06	2.533333333333333	ENSG00000082153
cdc5l	3.869263765	9.01	1.1666666666666667	ENSG00000096401
lsm1	4.218702568333333	12.42	14.883333333333333	ENSG00000175324
csnk1a1	4.9562528766666665	6.94	2.85	ENSG00000113712
ncor1	4.990136695	13.32	88.31666666666666	ENSG00000141027
hmox2	5.580357853333334	8.25	1.2333333333333334	ENSG00000103415
spag7	6.134097421666667	6.31	2.1333333333333333	ENSG00000091640
tfam	3.382556313333333	8.14	58.53333333333333	ENSG00000108064
psmd3	8.513257351666667	14.15	2.15	ENSG00000108344
med6	4.529401008333334	4.33	6.883333333333334	ENSG00000133997
stim1	5.892911625	17.44	4.033333333333333	ENSG00000167323
map2k2	8.092790853333334	16.32	2.5166666666666666	ENSG00000126934
rpn2	7.709373465	26.48	92.66666666666667	ENSG00000118705
ndufb8	10.408753863333335	15.52	98.61666666666666	ENSG00000166136
etf1	5.5252091283333336	10.97	5.35	ENSG00000120705
tsn	4.8330458033333334	11.8	42.88333333333333	ENSG00000211460
rpl8	10.385176518333333	14.94	56.983333333333334	ENSG00000161016
rab5a	4.1211963916666665	6.22	0.9833333333333333	ENSG00000144566
ppp2ca	3.5622422316666666	8.96	0.65	ENSG00000113575
wbp4	3.2086785166666667	7.7	2.283333333333333	ENSG00000120688
calm1	4.413844353333333	10.1	20.116666666666667	ENSG00000198668
snrpc	8.60540806	12.49	6.15	ENSG00000124562
slc25a11	6.37112886	11.15	2.1333333333333333	ENSG00000108528
cpd	5.666305201666666	18.26	9.033333333333333	ENSG00000108582
senp3	7.407194165000001	8.44	82.58333333333333	ENSG00000161956
gars	7.191944908333334	13.12	4.133333333333334	ENSG00000106105
pepd	12.560084354999999	15.46	9.15	ENSG00000124299
ssna1	8.882020853333334	8.79	1.8333333333333333	ENSG00000176101
rap1a	4.428122881666667	8.5	8.95	ENSG00000116473
stxbp3	4.392843395	4.92	2.7	ENSG00000116266
m6pr	5.35857583	13.33	34.516666666666666	ENSG00000003056
rela	4.82170795	7.93	1.8666666666666667	ENSG00000173039
ptpn11	5.09762604	12.65	6.2	ENSG00000179295
dctd	5.141221906666667	10.88	53.233333333333334	ENSG00000129187
flot2	10.470943038333333	17.22	46.666666666666664	ENSG00000132589
prpf4	4.314686091666667	6.1	0.8833333333333333	ENSG00000136875
ndufa6	5.581025563333333	13.29	72.33333333333333	ENSG00000184983
pex11b	3.8009013	7.44	2.55	ENSG00000131779
gspt1	6.351805801666667	20.68	35.81666666666667	ENSG00000103342
tsta3	8.959230504999999	8.31	18.6	ENSG00000104522
bcs1l	6.813529988333333	9.56	51.11666666666667	ENSG00000074582
mrpl19	5.121887013333334	9.55	2.1333333333333333	ENSG00000115364
bsg	11.839545216666666	20.97	101.35	ENSG00000172270
ogfr	6.281403971666666	12.22	27.1	ENSG00000060491
cpsf4	5.676454916666667	5.06	46.31666666666667	ENSG00000160917
pak2	4.796191820000001	9.61	54.63333333333333	ENSG00000180370
pmpcb	4.561171245	14.42	8.5	ENSG00000105819
pum2	4.06781154	5.79	1.6666666666666667	ENSG00000055917
rab14	5.0638114949999995	7.47	0.9666666666666667	ENSG00000119396
gclm	6.028494516666667	6.73	57.35	ENSG00000023909
rabggtb	1.671108915	3.72	0.65	ENSG00000137955
aatf	8.173310751666667	9.34	70.33333333333333	ENSG00000108270
arpc1a	8.825300835	12.4	1.0	ENSG00000241685
cdc42	4.318618900000001	13.16	50.416666666666664	ENSG00000070831
dnajb12	4.3091689099999995	6.41	54.1	ENSG00000148719
dap3	8.337256606666667	21.97	38.63333333333333	ENSG00000132676
pum1	2.6070358933333333	4.89	0.8833333333333333	ENSG00000134644
u2af1	5.499213043333333	7.03	1.85	ENSG00000160201
rrs1	2.0633487483333335	4.67	1.25	ENSG00000179041
vapb	5.557966481666667	21.32	12.616666666666667	ENSG00000124164
cops7a	6.990670158333333	10.05	2.45	ENSG00000111652
mrpl49	5.494425451666667	7.96	1.65	ENSG00000149792
metap1	5.484994136666667	8.06	3.55	ENSG00000164024
lss	7.635874974999999	12.51	54.56666666666667	ENSG00000160285
smap1	5.192324528333333	11.06	58.71666666666667	ENSG00000112305
sf3a3	5.64304601	7.71	2.933333333333333	ENSG00000183431
serpinb6	7.8573209749999995	11.73	29.466666666666665	ENSG00000124570
usp4	3.656011915	15.18	46.666666666666664	ENSG00000114316
tardbp	3.198650391666667	10.3	1.95	ENSG00000120948
tubgcp2	8.596878779999999	11.99	6.016666666666667	ENSG00000130640
sart1	7.806184441666667	18.54	2.783333333333333	ENSG00000175467
srpr	5.073199828333333	15.19	8.333333333333334	ENSG00000182934
polr2i	7.672107895	13.24	5.216666666666667	ENSG00000105258
abcf1	5.061967575	16.96	1.15	ENSG00000204574
sf1	3.6612330133333333	10.58	74.85	ENSG00000168066
psmd2	8.797309281666665	22.2	14.233333333333333	ENSG00000175166
psmd11	5.6325128	5.94	62.483333333333334	ENSG00000108671
msh6	3.8601564383333336	7.16	2.05	ENSG00000116062
nup153	3.5646364516666664	4.51	6.05	ENSG00000124789
nxf1	5.527987845	6.09	69.45	ENSG00000162231
cct7	9.294627243333334	16.81	1.8333333333333333	ENSG00000135624
prkar1a	7.30268433	16.63	60.233333333333334	ENSG00000108946
rad50	5.083738385	13.17	64.48333333333333	ENSG00000113522
skiv2l	7.031261533333334	11.34	72.9	ENSG00000204351
sec24c	6.736557881666667	12.04	62.71666666666667	ENSG00000176986
gtf2i	6.362939591666666	15.4	63.86666666666667	ENSG00000077809
rab5c	7.771049635	13.13	61.65	ENSG00000108774
opa1	4.757281386666667	13.59	58.35	ENSG00000198836
tsc2	7.533203826666666	15.81	80.26666666666667	ENSG00000103197
gtf2f2	4.724500063333333	8.65	1.15	ENSG00000188342
ube2i	4.705799363333333	11.68	2.7333333333333334	ENSG00000103275
vdac3	10.168732463333333	11.51	6.516666666666667	ENSG00000078668
prpsap1	4.96376717	11.29	69.56666666666666	ENSG00000161542
actr1b	3.3573373816666665	12.25	82.16666666666667	ENSG00000115073
prdx1	7.421331393333333	15.47	86.15	ENSG00000117450
pde6d	7.930283238333333	8.8	13.183333333333334	ENSG00000156973
gne	4.124762173333333	13.52	0.85	ENSG00000159921
comt	8.373459558333334	10.96	3.0	ENSG00000093010
akt1	10.283918401666666	15.99	59.05	ENSG00000142208
nars	5.146568856666667	12.74	62.4	ENSG00000134440
mrps12	4.168796021666667	9.67	3.716666666666667	ENSG00000128626
blmh	5.350461401666666	10.42	43.81666666666667	ENSG00000108578
tomm70a	4.506830175	9.96	9.833333333333334	ENSG00000154174
ogt	4.51682642	5.29	81.23333333333333	ENSG00000147162
emd	9.82552052	13.29	55.43333333333333	ENSG00000102119
glg1	6.0118116200000005	20.04	72.85	ENSG00000090863
map4k4	4.839999475	13.54	3.05	ENSG00000071054
ndufv1	9.782172430000001	13.12	51.916666666666664	ENSG00000167792
trim26	4.753990251666666	6.8	1.6666666666666667	ENSG00000234127
cul4b	7.078440853333333	10.72	17.516666666666666	ENSG00000158290
psmd8	11.256334366666666	12.02	30.7	ENSG00000099341
cog2	5.031113081666667	7.42	1.3666666666666667	ENSG00000135775
tapbp	6.44239793	25.54	71.03333333333333	ENSG00000231925
calr	6.70208964	34.09	6.35	ENSG00000179218
ap3d1	7.324320805	13.94	45.05	ENSG00000065000
gnb1	7.557570791666667	18.7	7.933333333333334	ENSG00000078369
cpne3	8.637836226666668	11.87	17.666666666666668	ENSG00000085719
acadvl	6.462952045	12.22	60.18333333333333	ENSG00000072778
smarcb1	7.96616164	11.14	33.233333333333334	ENSG00000099956
ppp2r5d	8.040779228333333	14.64	16.033333333333335	ENSG00000112640
sdcbp	7.100955046666667	12.95	30.2	ENSG00000137575
ube2g2	5.744155481666667	8.12	73.68333333333334	ENSG00000184787
psmc5	7.438351205	10.55	18.266666666666666	ENSG00000087191
rab9a	2.7914518216666666	3.08	0.7666666666666667	ENSG00000123595
snap23	7.13835872	7.62	70.66666666666667	ENSG00000092531
clptm1	8.563039421666668	23.72	3.9166666666666665	ENSG00000104853
plod3	6.916196735	25.89	9.633333333333333	ENSG00000106397
trip4	4.740482666666667	13.53	8.733333333333333	ENSG00000103671
golga2	5.436792228333333	13.03	68.8	ENSG00000167110
ndufs4	6.661012421666666	21.39	62.86666666666667	ENSG00000164258
picalm	6.8676536383333335	9.37	1.4166666666666667	ENSG00000073921
atp5f1	7.847271433333333	11.66	3.45	ENSG00000116459
gpx4	17.192345049999997	17.52	102.71666666666667	ENSG00000167468
plrg1	6.423512513333334	9.44	57.13333333333333	ENSG00000171566
fubp1	3.5174868766666667	10.41	49.4	ENSG00000162613
sh3glb1	4.601635151666667	11.61	1.25	ENSG00000097033
ccnh	3.806727926666667	14.99	0.7833333333333333	ENSG00000134480
ppp5c	9.080364215	10.43	66.58333333333333	ENSG00000011485
snrpb	6.193112628333334	13.85	5.416666666666667	ENSG00000125835
tpd52l2	7.036334138333333	12.83	4.766666666666667	ENSG00000101150
ifrd1	3.0073778533333333	5.59	0.8166666666666667	ENSG00000006652
ykt6	5.7531681316666665	10.19	0.9166666666666666	ENSG00000106636
sec23a	7.658625965	15.11	4.666666666666667	ENSG00000100934
ranbp2	4.6904458416666674	6.66	0.9833333333333333	ENSG00000153201
xpo1	5.161099498333333	7.84	6.633333333333334	ENSG00000082898
lsm6	3.474292226666667	9.32	74.71666666666667	ENSG00000164167
psmb2	8.989427404999999	12.31	1.0166666666666666	ENSG00000126067
snrpb2	5.419582601666666	8.85	1.3333333333333333	ENSG00000125870
wdr18	10.460593880000001	10.99	3.05	ENSG00000065268
dhps	6.788191608333333	6.83	18.533333333333335	ENSG00000095059
crkl	2.5990573433333335	3.34	2.033333333333333	ENSG00000099942
pfdn4	5.1792683083333335	6.63	0.9333333333333333	ENSG00000101132
atp6v0a2	6.57262508	9.71	7.333333333333333	ENSG00000185344
snw1	4.13408952	8.67	0.8	ENSG00000100603
dlst	5.025082788333333	8.71	89.1	ENSG00000119689
wwp2	5.444473103333333	8.12	2.0833333333333335	ENSG00000198373
rab5b	4.993773703333333	12.5	8.183333333333334	ENSG00000111540
atpaf2	5.78752434	9.05	53.56666666666667	ENSG00000171953
scamp3	9.423686831666666	12.34	57.85	ENSG00000116521
ran	4.901246821666667	15.9	71.51666666666667	ENSG00000132341
gclc	4.432712595	4.91	1.95	ENSG00000001084
psmd10	6.36351411	11.1	0.9166666666666666	ENSG00000101843
mrps11	8.608470325	10.04	2.9	ENSG00000181991
dusp14	3.6833208133333333	4.59	0.8833333333333333	ENSG00000161326
atp6v1h	5.036144538333334	9.72	0.6166666666666667	ENSG00000047249
sec24a	4.227074208333333	6.47	7.783333333333333	ENSG00000113615
dkc1	4.126056796666666	11.62	1.6666666666666667	ENSG00000130826
ktn1	6.170912075	13.04	2.45	ENSG00000126777
akr1a1	8.779997473333333	16.33	47.13333333333333	ENSG00000117448
polr2a	5.19315225	13.96	2.0	ENSG00000181222
idh3a	8.798297421666666	11.98	16.0	ENSG00000166411
ilf2	5.644890028333333	9.51	59.333333333333336	ENSG00000143621
ube3a	4.529007531666666	4.89	1.1166666666666667	ENSG00000114062
nutf2	5.963485798333334	6.35	66.68333333333334	ENSG00000102898
supt6h	5.21368034	14.5	24.133333333333333	ENSG00000109111
atp6v1d	5.587149015	8.41	0.43333333333333335	ENSG00000100554
kiaa0196	5.64049492	18.3	1.9833333333333334	ENSG00000164961
polr2d	3.9657462716666667	4.67	6.95	ENSG00000144231
ube2a	5.641280996666667	15.29	4.016666666666667	ENSG00000077721
clta	6.735073696666666	14.63	0.9833333333333333	ENSG00000122705
xpnpep1	8.64919078	14.17	8.75	ENSG00000108039
ak2	6.827027709999999	7.69	3.716666666666667	ENSG00000004455
ddx24	5.917826628333333	11.02	75.1	ENSG00000089737
ube2m	6.362644421666667	11.61	43.6	ENSG00000130725
eif4g2	4.887800753333334	18.77	86.78333333333333	ENSG00000110321
arf5	7.076701314999999	13.42	74.36666666666666	ENSG00000004059
adnp	2.8270448333333333	4.27	15.75	ENSG00000101126
lars2	5.429208926666666	9.61	0.8833333333333333	ENSG00000011376
mrpl12	6.358740338333333	10.82	0.65	ENSG00000183093
rbm4	4.118873651666666	5.82	1.4666666666666666	ENSG00000173933
pabpn1	4.777910978333334	9.73	64.45	ENSG00000100836
vamp3	5.646763725	9.44	2.216666666666667	ENSG00000049245
psma3	7.202589926666667	12.33	0.9166666666666666	ENSG00000100567
ubl3	5.011454208333333	7.93	1.1833333333333333	ENSG00000122042
ppp2r4	8.244772728333334	18.45	48.88333333333333	ENSG00000119383
arih1	3.6673309549999997	10.72	6.033333333333333	ENSG00000166233
stam	4.366710651666667	5.69	0.7	ENSG00000136738
ap2m1	11.155009803333334	17.09	9.35	ENSG00000161203
pex1	5.173374091666667	6.43	59.63333333333333	ENSG00000127980
atp5l	7.728478746666667	9.02	11.433333333333334	ENSG00000167283
ppp1r7	10.204918361666667	13.57	81.28333333333333	ENSG00000115685
psma5	10.423435008333334	11.62	1.8833333333333333	ENSG00000143106
ciao1	6.0594674799999995	12.86	20.866666666666667	ENSG00000144021
hspa8	4.589410063333333	10.38	39.6	ENSG00000109971
set	4.678448855	10.54	3.8666666666666667	ENSG00000119335
ddb1	11.065265296666666	16.69	27.75	ENSG00000167986
pik3c3	4.047310493333333	9.2	11.116666666666667	ENSG00000078142
ncbp2	4.032980161666667	9.06	7.316666666666666	ENSG00000114503
ppie	4.371242776666667	7.76	67.15	ENSG00000084072
mrps27	5.875286466666666	11.39	30.883333333333333	ENSG00000113048
hccs	3.02003144	6.73	7.766666666666667	ENSG00000004961
ubqln2	3.68525617	9.08	1.5833333333333333	ENSG00000188021
akr7a2	5.898414078333333	11.92	18.85	ENSG00000053371
dnaja2	5.7046677400000005	11.51	0.9166666666666666	ENSG00000069345
prosc	4.93725504	7.06	12.283333333333333	ENSG00000147471
tceb2	12.037039405	12.91	54.38333333333333	ENSG00000103363
psmd9	5.972667001666666	11.97	5.35	ENSG00000110801
sars	8.587087603333334	11.83	5.7	ENSG00000031698
rps6ka3	4.915751208333333	8.23	48.2	ENSG00000177189
gnb2	8.389597213333333	15.44	2.966666666666667	ENSG00000172354
dis3	3.955589455	10.05	54.9	ENSG00000083520
casp7	6.0047983	6.4	2.1333333333333333	ENSG00000165806
anp32b	4.44449754	15.87	6.566666666666666	ENSG00000136938
ubtf	4.624605708333333	13.31	1.5833333333333333	ENSG00000108312
smarce1	4.825764146666667	11.46	87.96666666666667	ENSG00000073584
bub3	4.4028604966666665	10.27	36.28333333333333	ENSG00000154473
nmt1	6.175123395	9.17	43.95	ENSG00000136448
mtmr3	3.68167062	6.9	2.716666666666667	ENSG00000100330
supt4h1	5.221668013333333	9.63	27.05	ENSG00000213246
hadha	11.32626908	22.54	70.03333333333333	ENSG00000084754
magoh	4.287555201666667	8.15	6.766666666666667	ENSG00000162385
eef2	7.255865536666667	22.62	11.083333333333334	ENSG00000167658
brd4	4.42967017	8.35	42.1	ENSG00000141867
vars2	5.17481333	14.67	16.5	ENSG00000137411
dlg1	4.602604668333333	11.82	42.35	ENSG00000075711
cul2	5.039859768333333	13.44	1.7833333333333334	ENSG00000108094
vapa	4.6057924833333335	6.85	15.35	ENSG00000101558
rer1	7.401288395	10.32	77.83333333333333	ENSG00000157916
ict1	7.705028565	9.98	0.3333333333333333	ENSG00000167862
nhp2l1	6.526665181666667	12.27	9.616666666666667	ENSG00000100138
becn1	4.2537270650000005	8.37	17.116666666666667	ENSG00000126581
rpl31	1.6319635848333334	9.86	52.11666666666667	ENSG00000071082
odc1	6.058452343333333	16.34	55.516666666666666	ENSG00000115758
ctbp1	6.477006311666667	14.44	9.916666666666666	ENSG00000159692
ruvbl1	8.111400585	14.58	5.15	ENSG00000175792
fadd	4.333879643333333	8.06	0.16666666666666666	ENSG00000168040
snx2	5.582372516666666	9.46	18.55	ENSG00000205302
rnf11	4.2960891466666675	8.19	3.85	ENSG00000123091
pmf1	10.7401388	11.21	2.4833333333333334	ENSG00000160783
psme1	8.325390128333334	15.58	66.15	ENSG00000092010
ube2d3	4.531802501666666	11.05	24.066666666666666	ENSG00000109332
prkab1	2.7469587866666667	5.18	8.9	ENSG00000111725
eif5a	5.13662565	12.63	11.0	ENSG00000132507
ndufs7	10.255725693333334	12.64	44.11666666666667	ENSG00000115286
scrib	5.100544333333334	16.3	2.966666666666667	ENSG00000180900
map3k7	5.040894025	11.19	2.0166666666666666	ENSG00000135341
chuk	4.024196461666667	6.19	2.316666666666667	ENSG00000213341
rbbp4	5.903566361666666	18.27	11.216666666666667	ENSG00000162521
bcl2l1	3.7206103516666666	5.5	54.733333333333334	ENSG00000171552
atp5j2	11.103202493333333	11.83	3.45	ENSG00000241468
rab6a	7.056654885	9.59	6.833333333333333	ENSG00000175582
psmc6	4.8775321683333335	8.23	1.3333333333333333	ENSG00000100519
usp5	10.641472846666666	15.11	61.233333333333334	ENSG00000111667
rars	6.682638136666667	9.77	5.033333333333333	ENSG00000113643
mut	4.97584505	11.6	3.1666666666666665	ENSG00000146085
abcd3	6.806369515	10.14	54.46666666666667	ENSG00000117528
stoml2	9.433599763333332	12.89	2.316666666666667	ENSG00000165283
tgoln2	2.754552035	7.36	3.966666666666667	ENSG00000152291
capza2	5.31895937	9.06	1.2833333333333334	ENSG00000198898
ppp4r1	5.3028572233333335	10.2	6.566666666666666	ENSG00000154845
prkag1	8.993282453333334	9.52	2.033333333333333	ENSG00000181929
clns1a	6.4346339666666665	10.11	2.7666666666666666	ENSG00000074201
taf15	4.225823598333333	6.79	50.05	ENSG00000172660
ctnna1	7.136447445	16.12	40.71666666666667	ENSG00000044115
prkaca	6.503873435	13.06	9.016666666666667	ENSG00000072062
srm	7.953771151666667	9.63	35.56666666666667	ENSG00000116649
mfn1	5.650390491666667	14.82	14.516666666666667	ENSG00000171109
eif2b5	5.194337065	16.31	1.95	ENSG00000145191
