MEDIAN	SYMBOL
2915	MAPK3
1899	BLR1
42	DUSP1
129	DDR1
2535	PRKR
2678	HINT1
77	YWHAE
2567	PCAF
1215	POLG
134	MSH6
3876	WNT10B
4485	CIB1
833	IFNG
3660	TXK
75	TOP1
4338	SRPK1
73	IFNGR1
256	HIF1A
4317	POU6F1
152	E2F5
174	RELA
68	RI58
3318	RXRG
56	CEBPD
151	RFC2
4421	RFC4
131	RFC4
42	IL16
65	RUNX3
32	IL10RA
37	IL10RA
2630	PTK9
251	FLT3LG
4500	FLT3LG
66	GTF2B
134	TCEA1
46	RAB1A
3988	IL1A
1079	ODC1
1248	PLCG1
1160	MUC1
76	PLCG2
3388
119	RAB9P40
2579	PPP2R1B
81	CCR7
2163	IRAK1
172	APBB1
49	NR3C1
151	HSPA1A
2083	TRB
162	TRA
1682	ISG15
283	EPHA1
3876	RABGGTA
536	TRD
383	CD19
265	CDA
3673	PTGER4
181	RPA2
4240	TAF1
1172	GSTM3
3554
490	MLL
182	CD44
4406	CD44
194	RPS6KA1
179	MAP2K1
151	MAP2K2
1680	ACK1
3987	GPRK5
4232	DTYMK
2427	SLC20A2
2660	SLC20A1
55	GNA13
2153	ITGAE
207	FGFR2
3392	CD4
333	PTPRE
2192	RPL22
1492	EIF2S1
152	MYCL2
90	IFNAR1
4007	CALM3
3922	PRKAR2A
518	CYC1
2179	HSPCB
153	GNL1
67	PIK3CB
70	UBE2D1
854	PSMD2
4520	SAT
785	ITGB3
2952	DHFR
971	HSPA1A
2585	HSPA1A
1509	PLCL1
2866	PSME2
3886	CDK8
3749	PSMD11
1795	PSMD12
3695	UBE3A
2343	ICAP-1A
81	CHC1
308	EIF4A1
2294	ITGA1
33	RAB33A
24	RAB33A
2628	CDK6
10	TRAF6
3714	PAX8
1885	TNFRSF25
68	CRADD
819	SRPK2
3154	PRKCB1
1718	IRF2
523	PCTK2
3879	PCTK1
2714	PCTK1
3012	ADAM17
59	ADAM17
179	MGEA6
1625	UBE2B
118	YWHAZ
1221	IER3
566	MAPK9
2920	CASP2
1186	CASP2
190	PTP4A2
1189	ERF
4862	DDB2
1497	STAT2
1534	PAK2
3268	POLR2H
447	PRKDC
351	D5S346
3940	GSK3B
3248	GUCA1A
699	ERCC4
3512	ERCC4
2364	IL3
4254	PTPN2
3011	PTPN2
80	PRKCH
750	UBE1
129	PIK3R1
99	RELA
3961	EIF2S3
88	CDC34
108	PGGT1B
3367
5161
365	ADPRT
2160	EEF1A1
122	DUSP2
4056	UBE1L
2823	RELA
2966	TERF2
3940	XRCC2
152	EIF4G1
107	XPA
103	XPA
82	PSMB3
550	TAF11
61	PSMB2
1982	PSMB4
168	PSMD8
83	PSMB7
100	PSMD1
1369	OAZ1
3383	THRA
4640	RBBP4
152	UBB
3521	CASP10
116	MAP3K5
3871	TRAF5
3128	CTSC
3221	TNFRSF12
4401	PRKCB1
31	RARA
137
185	TERF1
2598	CDC25B
3673	EPHB4
598	DAP3
1088	USP4
141	TERF1
4232	RXRB
62	IL2RB
138	UBC
102	UBC
2819	IL1R1
3122	IL7R
1568	TCF3
3923	LIG1
3529	NFKB1
836	NFKB1
4311	MAP4K1
3746	FGF7
3504	RPA1
67	PPP2R2A
4315	PTPN9
2343	VDR
102	GPRK6
4553	ARHA
2790	MAP3K11
61	TCEB1
98	SFRS10
836	CSF2
3202	CSF2
207	CCL5
200	CCL5
397	CCL5
157	SRF
378
252	TAF4
138	EIF4A2
3312	CAMK4
2069	CAMK4
2114	UBE2G1
77	YWHAH
67	SLA
34	SLA
67	TAF5
129	MADH3
1361	PTEN
4000	MAPKAPK2
87	TNFRSF6
311	TNFRSF6
920	PSMD9
94	CCRL2
102	PSMA2
108	PSMB1
55	PSMA3
66	PSMA4
56	PSMA4
69	LMO4
213	MADH2
2143	MADH3
104	IFI16
637	JAK1
97	PTPN4
282	PIK4CB
96	PTPN4
32	NFKBIA
3710	PTPN12
170
1873	TRAP1
35	TSG101
3803	POLD2
98	MYB
2595	MYB
2533	MYB
587	MYB
657	ITK
48	ITK
1054	ELL2
54	HSPA4
753	CDH4
3190	ESRRA
302	PTPRK
267	DDX39
403	CYP2A6
2964	PTPRA
4014	ZAP70
75	FNTA
2846	WT1
1605	BRCA2
788	TYMS
125	IL2RG
85	DKFZp434N0650
49	DYRK1A
58	FEN1
71	FEN1
55	ETS2
2042	NME1
3989	TNK1
284	RAGE
126	CG018
3579	13CDNA73
3483
2115
3869	RAD50
19	IL12RB2
2216	CHES1
2980	IL2
3729	NRAS
90	BLM
205	UBL1
179	MAAT1
1143	MAAT1
3351	RBM5
3294	PAK1
2185	GPR19
3948	PAK2
204	DUSP8
48	TNFRSF1A
3543	AKT1
1666	GRB2
104	IFNAR2
4266	IFNAR2
2126	RB1
219	IL4
2430	ABCB1
3984	ABCB1
4108	ROP2B
482	TNFRSF1B
2440	ERBB3
132	IFNAR2
4738	IFNAR2
2893	HRAS
119	TOP2A
214	POLR2C
867	GAS6
42	STAM
5584	TXK
166	MMP14
3398	CDK10
2881	TGFA
2913	PRKX
5476	IGF2R
969	PRKCB1
3195	GHR
1672	IL6R
2868	MYBL1
581	ACO2
2295	PRKCI
3330	PRKCI
283	EPHA4
3579	IFNG
71	JUND
378	FGF9
181	USP11
166	MAP2K3
678	RAP1GDS1
3681
4138	PIM2
108	ABL1
95	ABL1
3057	MAPKAPK3
3418	ETV6
420	ST13
1665	DDB1
3958	MTA1
2351	MTA1
1020	EIF3S2
69	IQGAP2
2001	PIM2
2264	RPS3A
80	RHEB2
81	UBE2N
3467	VHL
2489	EIF5
306	MAPK14
1181	NGFR
2994	YES1
3857	RASA1
2486	EEF1G
1104	ADK
753	SPHAR
97	SPHAR
3836	TIMP1
3246	HNRPU
4876	NEDD8
122	POLB
212	MAP2K5
653	IL2RA
3838	E2F4
347	ARAF1
459	ARAF1
3355	VBP1
688	TOP1
6296	TP53BP1
30	MAP2K4
536	RREB1
77	TNFSF10
547	BIRC3
2547	ARPC2
344	MSH3
453	INPP5D
93	MAD2L1
1221	MAP2K5
137	E2F4
237	UBE3A
483	BMI1
329	TRADD
80	ITSN2
2118	ERBB3
1200	SKIL
3523	GCDH
3227	PRKCL1
88	FARSL
1688	FARSL
3034	RAD23A
220	DAXX
162	PPP2R5C
2235	PTPN7
3447	PMS2L2
3297	MAZ
103	CSK
95	FNTA
1085	POLA2
68	PIM1
4466	PMS2L8
3639	FGR
276	ELK1
2081	STMN1
3054	RBBP1
136	RBBP2
61	DUSP4
95	COPS5
3228	PMS2L11
3186	CDK10
4677	CDK2
94	CDC2L5
213	CCND3
72	CCND3
164	CDKN2D
4426	LIV-1
373	BARD1
588	CDC7L1
4023	LENG4
67	PRKCD
1281	EGFR-RS
64	TGFBR2
92	TGFBR2
4316	RASA2
3347	PFDN5
2725	TC10
3474	ITPR3
2095	PCNA
135	IQGAP1
3706	MYC
317	TGFB1
3948	MCC
1186	CCNI
3764	RRAS2
510	RRAS2
252	RAN
2216	RAN
243	NCYM
123	RET
5842	MAP2K1
317	LGALS8
177	RAP1A
325	RBBP1
102	MLH1
16	TNFSF6
1654	TNF
213	REL
25	MADH7
27	TNFSF6
54	TP53BP2
3928	BAD
392	ATM
3186	SKIL
96	CFLAR
3838	CFLAR
593	MAP4K2
372	PTPN11
156	XPC
54	RAD23B
5666	PMS2L3
1107	RALA
281	RALB
159	ERCC1
106	PCNA
3096	ERCC3
19	MAP3K8
138	NF2
35	JUN
2431	ABCC1
3803	TGFBR3
3136	NR4A3
125	ERCC1
82	RAP1B
813	MYCBP
768
2122	BCL2
2583	MUC8
45	GADD45A
110	CCNG2
205	FOS
3085	FOS
1152	RAF1
1801	VAV1
78	TAF7
555	CCNG1
1764	CCNC
47	CCNH
653	MADH2
3548	TAF9
4394	ABCC5
4018	MDM4
12	MYC
2975	RB1
1061	TP53
186	KRAS2
147	CDK4
3468	CCNA2
271	NOS2A
199	CASP4
337	MADH3
152	MADH5
4556	VEGF
225	KDR
948	OAZIN
2842	FLT1
31	CDK7
4194	NME3
3787	FHIT
61	MYC
4044	TP53
86	ETS1
1880	NOL1
4458	NME3
3649	NME2
3174	MAX
3659	CCND2
4057	ARHGDIB
642	NME1
657	RBL2
668	PRKCL2
2963	MAPKAPK3
4302	FHIT
184	ATF2
2920	BAX
4350	BAX
655	MAPK14
2351	ATM
4068	ATM
72	BCL2A1
123	MSH6
141	MAP3K1
3700	JAK3
2965	B2M
4337	SKP1A
3536	PRKDC
329	PMS2
3028	RPL10
3367	ITGB7
64	HSF2
2764	AKT2
2619	APEX
66	CDKN1A
1127	ENO1
3598	CD44
3191	RPS6KB1
291	FYN
4769	ABL1
66	MYB
3783	BCR
76	RB1
61	JUNB
2248	RAC1
124	MGMT
1838	MGMT
249	CDH2
171	FGFR1
3680	FGFR1
183	LCK
3366	ITGA4
393	ERCC5
3537	ERCC5
3981	BAX
2532	CTNNA1
2138	STIP1
205	MAP2K3
208	PRKCQ
3485	CTNNA1
849	TYRO3
157	XRCC5
4215	PLCB2
73	DR1
187	IK
96	UBE2L3
28	TIEG
1376	PRKAR1A
5250	PRKAR1A
275	RALB
74	CBF2
3130	FSHB
39	PPP2CA
114	RPS6KB1
4240	CTSD
185	SRM
2134	SRM
235	MAP4
405	MAP4
1622	HSF1
2357	SELL
53	TRIP15
1300	NFATC3
398	GPR18
35	GPR18
202	H3F3A
3150	LAMR1
3862	LTA
3625	LTA
166	QDPR
48	AMD1
47	AMD1
82	SELE
3538	FRAP1
554	PECAM1
39	OASL
2443	ZNF148
39	DNAJA1
1783	MCL1
2399	NR4A1
2219	NR4A1
89	MPHOSPH1
174	UQCRC1
1667	H2AFO
3529	ATF3
201	LBR
4998	STAT3
65	CLK1
3270	CDC2L1
57	TUBB
1500	TUBB
4211	BTF3L2
1895	ARHGEF1
1344	ARHGEF2
67	ARHGEF2
2632	HMGN1
2027	PTK2
828
2496	TRAV8-6
3175	RPS19
4484	GALNT2
3964	HAT
162	FLJ31564
278	RPL28
510	OSIL
766	C1orf1
281	PIGB
2099	HCRT
4340	GPR15
3524	TRAV6
3121	TRAV6
614
228	ANXA2P3
3386
4267	TRB
1903
4509
3765	CD44
801	TMSB10
214
3131	CASP8
4193	M9
147	XCL2
95	XCL2
3548	GAGE1
4199	FCGR3B
185	PRDM2
2680
351	HDLBP
3419	RPL8
125	TXNIP
758	RPL13
2080	H3F3B
3679	RPS9
3960	DOK2
2834	BTF3L1
174	BTF3L2
296	BTF3L3
426	HIST1H4J
4669	HIST1H2BF
164	HIST1H2BE
3589	HIST1H2BI
2060	USP6
3641	RPS2
4172	H2BFE
1735
3618	RTN4
792	RPLP0
3124	TNFRSF9
1130	RPS18
3334	RPL18
228
2638	TMSB4X
4063	SLC13A2
2147	RPS10
3184	RPS25
3690	RPS8
1332	TPT1
235	KRTHA3A
3856	IGLL2
130	PRDM2
717	PMS2L1
2647	LOC171220
221	VDAC1P
2881
1766
4194	MT1F
520	MT1A
3443	ZNF259P
2647	NDUFS7
3885	CDA02
306	CAMK2G
1930	RBMS1
2442	RBMS1
4204	CMAR
962	PTENP1
102	TOP1P2
4953	GLUD2
944	GLUD2
2685	HSPA1B
350	RSC1A1
277	RSC1A1
4589	FTHP1
3557	PIK3CB
3462	GPR35
4001	RPL30
4353	TRAV6
3347	RPL3
48	RLN2
3513
3839	ACTA1
3451	TNFSF14
5606	KIAA0694
2056
2875	PRDM1
396	KIR2DL3
94	CAMLG
999	KIAA0637
60	TP63
985	NT5C2
2615	TBPL1
1207	H1FX
191
137
5603	KIAA0226
4029	SULT1A1
164	FLJ10432
4251	ING3
1646	HCLS1
83	KIAA0595
1614	CUTL1
1889	KIAA0674
4288	TGOLN2
238	TGOLN2
4982	KIAA0286
3368	PIP5K1A
414	MTIF2
3357	BC002942
112	HSU79274
265	DKFZP434E2216
3067	BCS1L
60	ELF4
112	D13S106E
110	KIAA0564
117	GCLC
60	RFP2
1749	DKFZP564O043
75	EED
106	CASK
4001	NUTF2
52	PMI
1225	IGHMBP2
105	KIAA0179
81	MPHOSPH6
83	ASK
1019	F23149_1
2305
55	SWAP70
4055	CD37
1573	SS18
999	ARD1
184	ASB1
53
74	CDC23
3014	ABCF2
2429	FUBP3
3004	D8S2298E
1264	MOB
3872	U3-55K
192	MTRR
2698	MLH3
2824	NT5E
636	TSSC3
49	ZNF143
1730	CHI3L2
3070	PTPRM
3825	ARL2
62	CENPC1
37	BACH1
211	NAG
595	KIAA0212
1089	KIAA0103
56	H1FX
321	KCNAB2
3515	SS18L1
131	HSBP1
3535	RPL14
1160	KIAA0754
1121	H963
2669	OR2F1
3734
223	C21orf33
668	BTF3
4143	DDX11
5338	LKAP
1601	TULP3
4667	SH2D1A
307	RPS21
881	PABPC1
1244	PABPC1
3238	RPL6
3651	FAU
2540	RPLP1
1950	RPLP1
201
3032	RPL37A
2025
116
587
2480
303	PEX6
4299	CDC2L2
97
1140	PDZ-GEF1
122	PMM2
661	PDPK1
1508	CAD
106	DGSI
4314	CHKL
35	ZNF217
555	HLA-DRB4
2494	RPP14
3791	RPP14
199	SRP46
1859	AP3B1
191	CDC5L
70	CDC5L
3346	COVA1
3739	KIAA0010
340	DATF1
1023	PRKCD
1847	DFFA
994
2501	MGC2840
2612	HBB
4223	CCNT2
2172	CCNT2
74	HNK-1ST
3550
670	BNIP2
68	FLJ10871
605	KIAA0014
3294	PPARBP
3883	CREM
2761	CREM
3388	CREM
53	N4BP1
177	PTPRCAP
51	DCLRE1A
3634	ZFP161
1611	KIF13B
2659	TETRAN
4246
2860	TM7SF1
4100	SLC22A5
2080	KIAA0981
118	ZNF184
53	HSF2
295	BLZF1
229	KIAA0446
302	SDC3
3607	FLJ20244
2706	PCNT2
96	KIAA0138
735	SACS
1413	CAMK2G
113	CDYL
173	AIM1
1036	AIM1
105	ADORA2A
4167	LAK-4P
4220	AATF
2659	RAD17
4527
3343	DEEPEST
1363	PIK3CD
3615	THO2
1594	THO2
3495	ZNF364
4355	PTOV1
5519	KIAA0675
3311	KIAA0675
317	PIP5K1C
111	TES
153	JAG2
626	SORL1
272	RFX5
1182	ADD1
3241	ADD1
2203	GOLGA4
1987	RANGAP1
199	UBB
889	PPP1CA
4243	RAD9
4040	KRAS2
57	SIAH1
534	SIAH1
3661	CSH2
4603	SFRS7
6376	TLN1
510	PMPCB
2515	DSCR1
87	FBXO21
1667	FBXO21
3711	EIF5
142	SHARP
402	UK114
87	SLC9A3R1
290	CDC10
202	CAPRI
4402	SNAP23
4240	SNAP23
101	RES4-22
2800	FLOT2
1238	STK38L
1045	SFRS11
1338	LMO2
107
41	SLC7A5
329	MYT1
154	ZNF144
584	PLXNC1
93	CBF2
3829
73	TIP120A
128	SLC25A11
4713	FLJ20452
110	SSNA1
3771	C20orf18
3682	C20orf18
152	PRKRA
229	MPP1
3947	KIAA0355
3290	MTVR1
336	PGM1
88	PSMD13
1289	PDCD8
144	TXNL
257	C12orf22
4559
2708	TLK1
309	HMGB1
75	MRPS18B
884	FLJ14639
4484	KIAA0365
129	KIAA0769
688	ATP1A1
545	MAP4
1665	PRG1
84	EIF4EL3
1069	EIF3S2
4762	NDUFB5
156	TOR1B
65	DYT1
1345	KIAA0544
4421	UBE2G2
1366	KIAA0265
3851	BIN1
3792	PSMD5
117	TARDBP
1575	KIAA0737
4111	KIAA0737
383	KIAA0737
242	KAI1
84	PRO2730
1862	FLJ21174
705	RERE
185	VAMP2
96	TERF1
171	TERF1
2319	TERF1
6037	TERF1
2999	EZH1
4456	PEA15
54	BAZ1B
47	CGI-01
1426	GZMM
3724	ZNF345
1299	FOSL1
72	K-ALPHA-1
2276
2388	RPL32
185	KLRC3
4415	KLRC3
168	KLRC2
4467	PMS2L6
4190	TPM2
5110	RPS24
248	HSPCA
4265	SULT1A2
3512	ACTB
3275	HLA-E
1715	YWHAB
61	FLJ23053
193	KRTHB6
3238	RPS11
58	IDH2
129	UBC
114	UBC
6399	ALDOA
3566	RPL21
4755	NSEP1
1155	RPL23A
2350	EPB41
3135	MALT1
3932	PNMT
3943	DKFZP564D166
31
53	CH25H
765	CTLA1
4024	CTSB
5726	PKM2
52	HNRPDL
839	RPL23
3652	RPL23
5145	BFT3
3740	NRTN
3348	THEA
3246
3034	RPS14
4132	TRVB10-1
180
2900	RPL15
4315
1828	MARCKS
1722	RPL19
2732	RPL27A
3004	RPS5
1200	RPS20
3268	RPL17
823	CTPS
2389	ZNF157
351	RPL26
3166	PAFAH1B2
1524	PELP1
2209	RPL41
961	PAX7
258	SMT3H2
3654	KPNA4
5330	PP1665
147	MY014
471	TBC1D1
1370	KIAA1096
4047	KIAA1096
1131	AKR7A2
74	CAPN7
678	ZNF259
676	CLTB
104	CLPP
67	CKAP4
232	YWHAQ
3683	VAMP5
2477	EBP
228	TF
3552	COP9
4152	PPP3CC
43	PPP3CC
960	FHL1
381	CALR
910	RSU1
4203	RSU1
65	FH
2071	M6PR
217	P23
221	MAZ
2786	TBL1X
3065	U2AF65
3776	LSM4
4687	KIAA0146
1230	ATP1B3
126	SEC61B
4108	SMARCD3
586	PAFAH1B1
3264	MAT2A
835	USP9X
213	SFRS9
332	SMPD1
184	NAP1L4
4033	EIF3S5
146	HUMGT198A
100	TCFL4
2263	SMARCA4
10	JUN
1842	PSMD8
3577	EPB41L2
102	KIAA0217
30	ZFP36L2
39	ZFP36L2
1264	CHAF1A
1333	NCL
3585	HCDI
646	KIAA0323
96	KIAA0084
1472	CCT4
764	GRSF1
1032	RBL2
2823	RBL2
1945	NELL2
2516	TSC1
3340	RPS20
152	RAP1GDS1
211	RPA2
144	BASP1
2130	H2AFO
3991	PBP
338	DARS
2233	LYN
71	DR1
4496	DNM2
3894	GABBR1
1189	DKFZp566D133
3729	GFPT1
191	ZNF161
4697	BTN3A1
3714	BTN3A1
3912	TRIM33
176	SMG1
482	SMG1
293	NLP_1
2667	ICAM1
97	AS3
178	GBE1
786	KIAA0169
473	PDE4DIP
1725	KIAA0449
5525	VTI2
138	TCF7
1033	SMAP
4486	SMAP
3433	KIAA0036
2223	SACM2L
1510	EIF2B
81	KIAA0342
3054	KIAA0170
3903	KIAA0170
149	PPM1B
154	SSBP2
51	SOCS5
4665
2647	BTN2A1
132	NP220
3856	ALDH6A1
253	KIAA0009
3303	KIAA0551
407	SLC9A1
2250	TMPO
198	TMPO
104	FLJ38045
3790	KIAA1040
824	HTATSF1
3253	PBX3
124	IMPA1
2508	RPS20
174	GBP2
580	DOCK2
46	HIRA
3769	KATNA1
3039	GOLGA1
2209	VAMP8
3873	DGKA
2270	NEURL
336	APG12L
157	APG12L
45	CSTF1
4052	PHYH
16	BID
4034	MYH3
3581	FE65L2
194	MRPS14
323	PPP2R5E
1360	KIAA0931
2572	HSPC022
4286	RAC2
109	NDUFS2
3624	AGM1
104	Rab11-FIP2
125	RAB5EP
81	RAB5EP
2227	KIAA0453
3279
122	NLVCF
2373	CFLAR
1114	ALDH2
2890	RPS27
1407	FLNA
179	FLNA
2477	ILF3
1306	NDUFA7
675	SF3B3
310	ACTA2
171	ECH1
86	RAE1
69	RAE1
4012	SRRM2
192	RAB3-GAP150
4118	PGCP
375	G22P1
306	SIL
782	FLJ21007
546	HLA-DQA1
5917	NDUFB8
3219	PLSCR1
40	WRB
484	ITPR1
2532	ITPR1
1510	BPAG1
3531	PRPF4B
171	EIF3S10
130	JUNB
59	RANBP2
4081	NCBP2
439	NCBP2
319	MAC30
320	P29
3561	TRB
2586	TRB
3471	SCAMP3
182	RXRA
785	KIAA0317
3426	TEB4
486	CNIL
235	RBM5
3412	BZRP
3140	DKFZP566C134
2732	ITGB1
168
4280	MYO1C
1743	IFIT1
205
1368	SGT
1394	H2B/S
81	CNOT4
2954	SLC25A4
184	VPS11
2720	CLN2
577	HRMT1L2
51	RRAS2
86	TIMM17A
3478	TIMM17A
220	TIMM17A
386	MAEA
43	CLK1
3258	SUDD
3709	SUDD
468	AGPAT1
725	AGPAT2
143	ZNF9
5286	CSNK2B
1171	EIF4G1
147	KTN1
2891	PSMC4
895	SMC1L1
363	NUP153
1057	CUGBP2
590	TOMM70A
66	FBXW1B
3093	LDLR
101	SOS2
151	UBN1
1327	STAT1
3504	STAT1
3654	CD28
274	KIAA0605
4028	MRE11A
321	MRE11A
2613
4576	TCF3
2837
212
3850
3928	KR18
3919	LTK
2946	GGT2
4536	RORA
2552	NUMA1
44	IFRD1
123	PRF1
4323	KIAA1718
411
75	PTPRE
3917
96	SMA4
178
2241
2148	AMMECR1
148	CD5
2909	DKFZP434D193
667	HSPC132
1610	ATP6V1B1
163	IRLB
2381	RAGD
193	EMR1
651	TOSO
511	HABP4
91	RRP4
25	RRP4
167	C6orf32
3715	H2BFL
58	TUBA1
2855	NCK2
2146	NCK2
1257	NTSR2
2859	TNFSF8
3419	MAFK
3913
1979	CMA1
1362
157	MGC3794
3472	CHST7
3246	TRIM
2266
157	H2BFN
766	PDCD1
3367	IL18RAP
1467	ADD3
2178	ADD3
2003	PHRET1
109	TRIM37
1378	BY55
33	CITED2
208	RPS12
1555	RPS12
3672	RGS10
127	RGS10
39	HRIHFB2206
340	VRK2
302	FLJ10335
421	AD-017
668	CPSF1
2308	FLII
4764	ADCY3
4602	SLC19A1
198	UBE2I
532	LTBP4
70	SLC16A3
427	MCL1
2263	ZFR
676	HEAB
59	SAS10
193
37	ARF6
518	PSMB4
2920	MGC15523
3441	GCLM
76	TESK2
1110	FLJ13949
184	TRADD
4312
180	KIAA0962
4021	FLJ10849
831	FLJ10849
3668	BBS4
3270	PPP1R2
1664	PPP1R2
3302	MCLC
3788
4103	PPIL2
2049	FLJ10512
331	FLJ10512
3873	DHODH
1225	MYO7A
1249	BART1
73	FRDA
2606	SUPT3H
1230
3359	YY1
320	RRBP1
49	MRPS12
223	MRPS12
244	VDU1
53	ZNF187
145	PAXIP1L
683	KIAA0561
266	CYHR1
595	LOC157542
105	IL10RB
790	IL10RB
3964	RPS6KA3
117	NMP200
4335	CRIP1
2432	KIAA0117
82	KIAA0117
3887	RARRES3
296	KIAA0801
2558	LCK
4482	DT1P1A10
51	GG2-1
200	CHN2
3727	MAPK13
937	POH1
45	NR3C2
1388	C6orf11
105	KIAA0779
5016	MCM3
3451	TRIM14
111	NASP
274	SLC25A12
5346	DLST
3540	SOS1
1029	HLA-DRB4
2795	SLC25A16
4319	HSRTSBETA
4266	HSRTSBETA
3208	PXMP3
3946
498	SMCX
3322	DMXL1
3126	DMXL1
3924	IGL
133	ELK1
1336	SAH
582	IKKE
1972	ARRB2
1061	FLJ21168
71	ZNF263
31	ZNF263
1253	INPP5B
82	RASGRP1
93	KIAA0116
107	MGC19570
1251	RBMS1
385	CDC2L2
3692	CDC2L2
235	ISG20
4138	SERPINB1
81	CGI-96
4151	GUSB
535	GCDH
174	C2orf3
27	TOX
46	CDK7
152	MBLL39
44	P5-1
1396	SFN
1938	SFN
2331
53	RAB21
1032
99	PIP3-E
234	ACYP1
82	DEGS
36	STAT1
75	STAT1
102	KIAA0438
476	GNB1
3005	RNUT1
90	RNF14
3375	KIF3C
101	TUBG1
68	RNF5
62	TCF12
3366
607	JM5
3964	GC20
219	H2BFQ
107	SMURF2
2508
141	NCKAP1
160	KIAA1157
1120	FBXL11
834	BSCL2
500	CDC42EP3
3120	JTV1
715	KIAA0945
327	OAZIN
3939	PRSS15
65	SC4MOL
116	SC4MOL
2343
3060	C2
60	IDN3
4448	POLS
1284	NCOA3
4592	ASAHL
3000	CAST
122	GAS7
2178	MGC32043
97	CYP51
432	DKFZP434J154
4566	DDX19
193	FLJ11126
747	GSTP1
236	CDIPT
95	ACN
1162
1053	DKFZP547E1010
5076	FKBP2
990	ITGA6
4233	LGALS1
626	PM5
3785	NME2
137	RAB3GAP
3628
1994	API5
111	SC5DL
77	SEC13L1
163	SEC13L1
188	RPN1
304	TRIM28
1283	ATRN
2135	DKFZP586M1523
68	MED8
61	DKFZP564F0522
60	BET1
703	BET1
3501	FTSJ1
254	WBP2
81	TCF8
371	TCF8
3264	TCTA
143	KIAA1253
1114	M17S2
1441	NPD009
175	MLCB
578	SPINT1
3518	RPL22
1181
1740	AGRN
225	ALDOB
225	MAPRE1
76	RAP140
189	H2BFL
104	LOC90355
2379	FHR-3
53	RNF2
1602	RPL4
2658	TXK
4393	HFL-EDDG1
4070	ETFDH
4297	GRM1
1780	ZNF80
180	SLAM
185	CAMK4
122	CRKL
952	KLRD1
3303	MEF-2
2754
3988	LAIR2
4144	PNN
3069	CCR6
4608	HYPE
16	ZNF165
1219	DNAM-1
2577
3083
68	CIAS1
262	TBXA2R
60	EDG6
1316	HTR1E
2144
2867	RPL18A
2758	ZNF46
3057	RPS13
137	DIM1
1273	DIM1
3286	GNA13
274	SIAT8D
1914	DDX27
2675	RPL37
4214	RPL34
807	ZNF124
1041	CFL1
2548	RPL5
1858	RPL5
1711	HNRPC
4117	PPIA
3612	RPL12
2268	RPL29
3127	RPL31
3306	RPL24
2648	TUBB2
4082	TUBB2
6123
3956	CG012
2203	DDT
1281
18	PDE4B
167	SART1
4543	PLA2G4C
3399	POV1
379	C3F
223	SULT4A1
189
3770	LOC58525
1527	LOC56902
108
2144	BRCA1
417	POLR2D
3568	ABCG2
38	DJ434O14.5
273	STOML1
1400	MTHFS
3196
652	C1orf2
37	ATP6V1H
1323	GEMIN4
53	HSGT1
361	HA-1
4636	TP53TG1
112	NS1-BP
2851	DAAM1
83	TITF1
3658	OSBPL3
151	PSG2
140	BPGM
48	PEX14
2810	KIAA0493
159	KIAA0493
1569
3406	CSDA
463	DMWD
2430	MPZL1
139	CHUK
2657	TA-LRRP
17	PTGER4
239	MLLT10
1969	CASP8
3566	CASP8
299	DKFZP566K023
121	C22orf4
3891	VAMP1
2124	VAMP1
2616	UBE2M
2798	TRAF2
4321	LYSAL1
4359	DLEU1
2720	TCF20
132	TCF20
114	ARL4
834	MPHOSPH10
48	SIAH2
201	ATF6
2177	ADCY9
2046	PTK2B
137	CAP350
270	FLJ22195
209	TRRAP
90	KIAA1254
209	ADAM19
63	TNFRSF1B
13	UMPS
653	MYO9B
435
104	VCP
236	LDHB
205	LDHB
400	HELO1
2601	NUMA1
4047	SCARB2
384	KRT8
1362	CIZ1
1329	CG005
5278	SMARCE1
1366	HSOBRGRP
74	CREBBP
1231	SPTAN1
134	KIAA0721
3851	CLN3
283	SRP72
359	BAT3
2237	ITPR2
2155	FLJ11560
638	RQCD1
3246	HNRPH1
98	CDKN1B
96	CDKN1B
111	PBEF
272	MAP4
4825	TIA1
26	ATP6V1D
289	GRB2
3774	CXX1
107	p47
2066	SAP18
128	RBAF600
83	CNOT2
923	HYOU1
147	BS69
3724	BS69
46	TPM4
161	RBMS1
101	DKFZP434G0310
297
132	C5orf7
60	TCFL1
1066	ATP6V0E
247	KIAA1067
437	SR-BP1
69	FACL3
59	FACL3
101	UBE4B
164	KIAA0907
170	SSH3BP1
229	HGS
4930	ACTR1B
45	DGCR2
964	CLIC4
474	KIAA0470
488	SH3YL1
646	PI4KII
3761	MCRS1
654	ALDH9A1
3302	SLC29A1
171	DAPK3
1236	MBD2
2285	SSSCA1
151	EIF4G3
1500	CAPN1
3526	SF3B4
335	ZMPSTE24
163	BAT2
141	FECH
84	FLJ23027
4773	NISCH
4555	HIRIP3
1959	DIAPH1
3603	PRDM2
463	KIAA1091
2823	GPC1
161	RA410
6163	GPX4
2149	GSPT1
137	SUSP1
1597	SIP
2076	GALC
1240	STXBP1
4299	FTH1
4458	APLP2
33	TNFSF5
861	ZNF306
142	MD-2
251	IFNW1
105	GFI1
129	ZNF43
2369	HSPCB
3536	HSPCB
4035	HSPCB
158	ARF1
4428	TEGT
4170	TEGT
4060	MYL6
4689	MYL6
570	ZNF204
3618	TPI1
4407	PIGR
810	ABCC1
3381	MRP
60	IL2
1380
3704	GPR19
296	CCM1
1253	LY94
237	SH3BP1
3934	ACVR1B
117	ZNF141
2151	PVT1
251	PVT1
3331	H6PD
422
74	CXCR3
4048	RPL38
4151	KIAA1030
3928	VIM
1110
74
4649	NAP1L1
310	SLC7A11
766	LOC57826
461	C15orf5
4296	OGG1
3428	PLRG1
2890	ACTG1
4256	SLC6A7
367	LOC56926
4360	DXYS155E
4625
106	B4GALT2
107	ZNF297
393	AGA
799	NDST1
4808	DKFZP434C171
51
4013	SETDB1
391
4201	KIAA0532
262
4176	ODAG
3333	ODAG
2706	PTPN13
467	SEC24A
55	DNAJA2
54	DKFZP566B0846
388	CENTD2
4847	CDW52
2144	P38IP
4630	DXYS155E
401	KLF7
3598	KLF7
63	Sfmbt
338	KIAA0194
4163	FADS3
1355	WHSC2
4758	MAP4K5
3187	SLC35A2
75	HBOA
2884	NKTR
3901	NKTR
4140	NKTR
2813	HBS1L
99	CG018
1845	CG018
2529	EPM2A
338	NUP160
423	DGAT1
63	SIAT9
2458	MKLN1
2441	KIAA0664
2395	KIAA0683
2692	DIAPH2
402	NESCA
51	RGS19
458	DKFZp586F1019
2832	LSM5
127	KIAA1116
2559	EIF1A
3802	FLJ20719
1385	NFE2L3
1529
2240	KIAA0795
64	BCAS2
3627	C21orf80
84	FARSL
77	CXorf12
2466	KIFC3
67	USP15
45	ZNF278
479	ZNF278
347	EIF3S4
3913	SAT
87	PCBP1
799	MBNL
1865	TM9SF2
937	H2AFL
1101	APRT
72	GLRX
1013	NCOA2
168	NCOA2
164	RRM1
70	AFG3L2
2199	RPS15A
3010	RPS15A
4429	JM4
197	FAM3C
143	FAM3C
41	TRIP15
4055	CLN5
291	PQBP1
124	COPB
162	SMARCA3
106	SMARCA3
3278	PAK2
176	COX7A2L
2284	GNPI
117	KIAA0063
3637	KARS
95	M96
2720	CKAP1
110	CYB5-M
2212	CYB5-M
2929	IKBKAP
250	C20orf14
122	PRKAG1
109	DKFZP564J0123
4636	SPINT2
676	SEC63L
1342	RSN
3306	KIAA0648
3272	MECP2
39	SURB7
97	SURB7
1541	MRPL23
178	LOC51020
3667	PCSK7
4798	PPIE
4029	PPIE
1025	PHGDH
68	HDAC2
218	MFN2
89	ARCN1
394	PPP4R1
909	UREB1
4138
197
41	ADFP
139	STOML2
714	COX7C
60	USP1
195	ABCC1
401	SDHC
204	MBD4
3923	KIAA0205
235	IGBP1
60	RAB1A
46	RAB1A
945	ADNP
945	KIAA0354
92	KIAA0978
627	OA48-18
72	HSP105B
2481	CNP
1964	QP-C
81	UQCRFS1
1139	UNRIP
147	COPS7A
3674	USP5
2857	KIAA0602
4409	RTN2
591	LRP10
2315	PAPSS1
1971	NUDEL
89	KIAA0368
2527	CBL
3071
2284	HLALS
617	HLALS
224	HLALS
2623	SH2D2A
50	DOK1
2507	SERPINB9
2903	AIM2
256	KIAA0471
163	KIAA0471
3508	CASP2
436	MPP6
164	LOC88523
437	PRAX-1
1419	ABO
3051	FZD6
168	VAV1
2256	MGC4701
4559	ARFGEF2
36	OASL
3899
3240	VNN2
3564	MIDORI
39
102
4631	OR7E126P
2852	ZNF267
1376	S100A5
79	ZID
1174	KRTHA3B
3890	RPS27A
4188	EFNA3
531	ZNF45
2913	RPS17
2670	RPS17
2995	ZNF37A
40	ICOS
389	GNB2L1
3967	GNB2L1
3059	GNB2L1
1067	DSC1
913	KRT2A
69	TAF4B
79	GP5
229	HTR7
5584	YWHAZ
1322	RPS4X
1253	B2M
3365	RPS3
4023	RPS7
800	DDX5
577	SSR1
2809	DCN
180	COMT
776	MTMR1
1242	AKAP11
26	NUP155
89	KIAA0350
66	FLJ14393
63	FCGR2B
533	NFX1
174	ACATN
3216	TFE3
3467	MAN2B1
81	RPC62
2373	TBC1D4
3836	CENTG2
1657	LOC220594
547	BCR
95	KIAA0107
3040	CUGBP1
2979	RECQL
87	FLJ22028
200	MRS2L
122	KIAA1078
1001	TREX1
4555	ARPC4
4384	ARPC4
1524	STHM
338	SMARCD2
155	SMARCD2
682	CD2AP
3603	RPS23
141	BET3
3913	MGA
3889	CHD3
3838	FCN3
91	STAG2
174	KIF3B
1321	SAMHD1
2340	FUSIP1
3098	FUSIP1
2366	IGF1R
1144	GLS
723	FKBP5
4041	COX11
674	CACNB3
2836	AHCYL1
1643	KIAA0185
708	KIF5B
180	SF3A1
346	ROCK1
3155	COG5
195	SHMT1
88	FOXO3A
148	TFDP2
3284	BCL2L1
178	SCRIB
2497
117	SLC31A2
974	ZBTB1
287	NEK7
203	SYBL1
430	ADPRTL2
4514	ADPRTL2
216	ADPRTL2
117	EIF2B5
81
74	CSPG6
53	LARS2
118	KIAA0020
98	MAP-1
323	TXNDC
59	MAP3K8
88	TBCA
643	PPT1
3248	ADM
4328	SIAT7D
2996	PLXNB2
203	WS-3
69	JMJ
132	BUB3
272	KIAA1025
98	TSGA
2779	NRD1
94
1768	SERPINB6
2390	ACAT2
644	TCP1
1003	AHCYL1
1148	TRAM
58	PPAP2A
3323	BAG1
3192	LOC55977
148	LRIG1
4282	KIAA0710
112	USP12
731	FLJ10618
99	KIAA0999
82	KIAA0999
2066	DKFZP434K046
84	ATP5G3
141	EIF1A
143	UBA2
4023	EP400
4181	EP400
3794	A2LP
1238	CD164
85	DKFZP586D0623
52	TP53BP2
3343	DPP4
95	UBQLN2
3733	AD022
107	SDHA
239	ULK1
1244	POLR2I
100	DKC1
1121	DKFZP564K0822
4077	KIAA0763
122	DKFZP586O0120
3066	NCSTN
3699	RAB5C
76	KIAA0376
3413	MP1
479
1746	EIF3S8
4117	SNRPN
107	CGI-51
4384	FDFT1
342	SARS
1530	UBE2E3
109	LOC57019
489	PAPOLA
2614	FLJ20986
1887	KIAA0176
4198	MAGED2
4873	MAGED2
996	GOLGA3
631	LOC51097
184	CGI-57
118	NDUFS6
59
2135	KIAA1089
53	MGC29816
2233	NEBL
4111	NTE
194	RB1CC1
542	CPD
618	JAK1
177	SMC4L1
118	DPM1
97	MGC10433
4148	NOL5A
564	RNF10
1145	SYNGR2
103	RDX
125	RDX
99	ATP6V1A1
3814	ATP6V1A1
126	PIN
408	TNFRSF10B
48	NDUFV2
111	P125
553	KIAA0492
1967	KIAA1218
4179	GRIK5
3285	DKFZP564F013
622	DAPK2
4710	PSTPIP1
4448	TNFRSF4
60	GPR65
94	KIAA0940
4172	PAX9
161
3355	SLC4A7
355	KIAA1971
223	APOBEC3G
2988	APOBEC3G
215	ABCC4
250	RUVBL1
46	D6S2654E
4663	TACTILE
3727
345
346	CST7
3918	LOC94431
4323	DKFZP566F0546
1441	ATP8A1
3556	KLRG1
2525	GASC1
1765	KCNA5
65	HNRPA1
214	ZNF137
46	N143
1230	PRMT3
3523	ZNF161
2995	TNFSF9
4077
3506
1387	NM23-H6
89	TAF1A
4125
93	PER2
2804	HCGVIII-1
2337	LBP
3091	CD74
4000	HLA-J
182	CHP
1345	ZNF254
109	CXCL5
305	ZNF273
2135	KIAA0276
170
1997	BTF3
4326
521	U2AF1RS1
3736	HSU84971
1530	HSU84971
38	JRKL
1865	CNTN6
203	FGF9
2122	FTL
74
3879	NRG2
478	SNAPC4
74
3329	ZFP
5306	LMO1
785	KIAA0874
1214	RPL13A
2431	RPS6
136	GSR
4390	MYO1F
3390	MGC10471
408	P15-2
4320	AKAP8
3062	LOC57209
3374	CDK8
3107	DKFZP564D172
3566	MNT
2570	TNFRSF5
1271	DOC-1R
471	RAMP3
122	NBS1
1595	BTBD2
110
287	TBCE
3654	LDB1
96	ACVR2
130	KIAA1041
4442	MGC13033
109	DSCR3
1143	KIAA0433
3566	MAN2C1
2052	SPG4
288	TPST2
2968	EEF1A2
4224	KIAA0725
289	B3GAT3
129	LOC113251
3723	FLJ10849
136	KIAA0546
87	TAF5L
608
110	CHC1L
365	RTCD1
4547	LOC57146
190	KIAA0982
3035	PITPN
2017	HNRPL
77	RNGTT
57	MORF
2457	COBRA1
121	CEP2
2030	KIAA0874
717	KIAA0766
110	KIAA0753
53	TRC8
137	WBP4
1374	UGDH
89	HDCMA18P
3096	MFAP3
60	PDCD10
502	MGC3047
1889	PURA
202	ZNF75
50	AIBP63
3396	MGC14376
1998	RBBP8
3853	CPT1B
2549	CPT1A
96	CL24751
66	SRP19
68	CETN3
34	CETN3
1938	RECK
3700	RECK
3986	RECK
1807	TRAF5
3326	EMD
3251	FLJ14888
238	KIAA0335
161	KIAA0460
1378	F5
131	SNAPC5
2230	HIVEP1
2743	KIAA0528
3020	GAB2
136	FLN29
91	RANBP7
2517	SLC5A6
2492	SFRS2IP
182	SFRS2IP
399	MONDOA
1876	GMFG
2893	ITGB4BP
372	EIF4EBP2
2985	NDUFS3
3168	FXR2
178	BLCAP
83	BLCAP
69	AXOT
5750	SNRPD2
417	ACTR3
3438	GNG5
215	MMS19L
648	AP1G1
3447	AP1G1
4190	SPON1
1988	RPS29
137	TAX1BP1
4941	CD81
2487	FLJ10738
942	RY1
2777	ARHGEF9
114	GAPCENA
84	FLJ31657
3953	BAT1
1736	SSA2
4310	SSA2
4114	SSA2
74	GGPS1
67	NDUFAB1
288	EIF3S7
3866	MKNK1
2538	PITPNB
107	EPRS
65
4167	NXF1
86	INSIG1
403	RAB6A
525	XPNPEP1
3273	DDX15
552	GDI2
342	MGC2668
172
3603	CREG
199	MCM2
3577	KIAA0310
192	CNAP1
53	RAGA
2808	MGEA5
1117	KIAA0475
60	CTCF
4274	SLC11A2
35	TLK2
292	EIF3S9
58	RAB14
1570	54TM
1087	EIF3S3
207
4120	LOC51706
660	CTNNAL1
3495	ROCK2
341	UNC84B
146	FBXO7
2570	MEL
99	MEL
4140	TRIM38
449
105	GOT1
31	FEM1B
534	PRKAB1
117	COPS3
88	RBM4
300	PSMC2
303	DDX30
98	MGC9651
100	PUM2
1354	PINK1
3614
200	APPBP1
1284	ILK
183	LGALS3
172	ZNF207
3854	KIAA0937
248	STAF65
133	LRBA
76	IL8
109	PIK3R1
276
3952	RECQL
349	KIAA1094
492	ZNF44
151	ZNF44
3970	C16orf7
2744	ZNF22
149	JAG1
2138
2083	MED6
2795	MED6
413	MED6
1957
190	MEF2D
798	HADHSC
4128	GOLGA2
256	SF1
4585	SF1
177	GLE1L
3646	KIAA0489
2809	KPNA6
1235	KLRB1
1342	GTF2I
201	KIAA0450
574	ABCB10
181	DNAJB12
3246	DNAJB12
216	GRM4
123	SNAPC1
1724	CYP4F12
1816
596	SMARCF1
625	HSU52521
3386	KIAA0861
1296	FLJ20619
3182	KLRC4
2367	KLRC4
629	KIAA0514
3910	TNFRSF10D
296	SLC4A8
1265
3345	SLC16A7
3612	TSPYL
785	LOC65243
2784	F2RL3
123	ZNF253
5439
34	ZK1
1469	GIPR
3965	AOC2
3099	CGRP-RCP
314	KNSL4
4633	ROD1
2754	EDG2
4330	DKFZP564P1916
511	TCFL5
4110	BOP1
4982	HELZ
1492	TOMM40
3913	PMVK
5059	CD97
621	SGSH
66	MKL1
2501	LLGL2
2477	POLR2H
2256	CBLB
73	ELMO1
2873
203	MTX2
3889	NUCB2
698
1214	SURF1
2783	XPC
106	KIAA0442
75	KIAA0356
158	MAP3K4
115	MAP3K4
1316	GPS2
4380	KIAA0379
2053	RNF6
3470	TARBP2
25	IL10RA
3702	CASP6
667	PIK3C3
1296	SEMA3F
344	GTF3C1
1010	DKFZP434N093
2451	SCAM-1
60	MGC9084
32	ZFHX1B
3213	ZAP
3596	RING1
2160	MTCP1
1398	MTCP1
3841	HERC3
89	HPCAL1
183	MAP4K4
2540	CHS1
26	PTS
3214	BUB1B
3703	DNM1L
2999	PDGFA
1883	NR1D2
1047	NR1D2
81	FLJ11149
4123	MGC14480
54	LRRN3
1768	PDXK
809	DKFZP564M082
1156	SP110
115	KIAA0893
220	RENT2
2943	NUDT1
4616	KPNA3
5343	URKL1
4119	ITGA4
3523	MGC8974
320	ACTR2
441	ACTR2
225	GBP1
87	GRINL1A
2162	HMGN4
164	HMGN4
163	MTMR3
422	PIP5K2B
452	BC008967
2779	CPSF4
4032	KIAA0141
6413	PCBP2
5189	PCBP2
3651	SDFR1
895	EEF1B2
451	TADA3L
2971	HT010
75	SDHB
156	PRPF8
1051	TMP21
3354	RGS19IP1
321	RUVBL2
96	CCT2
3096	ATP5H
66	AASDHPPT
3615	KIAA0483
3634	KIAA0540
1884	OFD1
319	GABARAPL2
685	GPR56
4840	ATP6IP1
220	DEAF1
1454	NDUFB7
465	NDUFB7
4362	HSKM-B
43	RNF4
1436	KIF5C
226	VPS45A
865	VAMP3
133	VAMP3
321	GABARAPL1
4477	KIAA0476
95
98	KIAA1042
131	VPS26
2910	MPDU1
130	G3BP2
3988	HDAC6
73	PTK9L
3106	NSAP1
44	DNAJB9
97	P2Y10
606	PAFAH1B3
434	ITPA
902	KIAA1014
96	ASH2L
67	GORASP2
2982	GORASP2
1131	CYBA
5215	SFRS6
3337	SFRS6
957	ARPC3
81	RNF13
3976	TRN-SR
219	TRN-SR
202	GA17
58	HYPB
313	CSTB
2151	MBP
404	HCS
1003	CYC1
2115	HDAC3
131	PPIB
499	ZNF238
2254	ZNF238
3533	SUPT5H
664	KIAA0905
208	CRIP2
180	IGSF4
254	KIAA0370
2072	ATP9A
96	LOC51141
3720	PDL-108
2407	NUDC
68	LOC57862
67	SQLE
430	DKFZP566H073
510	POLR2L
290
1307	NEK9
2540	SDC4
53	SEC24B
1066	USP24
53	RAI17
3418	PSR
97	PSR
16	PSR
2846	PRKCABP
4285	PMS2L9
2585	PMS2L9
2981	ZNF268
3879	AGER
5038	PDE3B
562	PAFAH2
88	KIAA0924
966	OMG
4012	GAPD
3393	CCNF
3004	PHLDA1
3352	MMPL1
3312	MMPL1
2583	DRIL1
351
139	SYCP2
2055	INPP4A
549	LILRB1
4447	PMS2L9
4061	EIF2S3
4238	CPT1B
59	MICB
233	POU4F1
116	GABPB1
576	GABPB1
60	B3GALT4
2680	SSX4
3196
900
1591	KIAA0844
4182	IKBKB
673
583	HKE2
446	QPCT
3487	MPHOSPH9
3388	MPHOSPH9
318	FLJ11712
1755	HYPH
210	LRMP
59	MLLT3
267	PRRG1
2144	PLCB1
183	WDR18
46	E2F6
631	MYST1
284	MYST1
4175	KIAA0478
4483	LSM6
1621	MSC
47	MDS033
476	ZWINT
2637	ZWINTAS
124	KIAA0781
1891	METTL1
154	KIAA1012
119	PARN
501	IKBKG
3342	SWAP2
41	CL683
2821	STX10
3832	PIBF1
1341	C4orf1
132
692	STK19
2935	KIAA1641
168	LEF1
109	PRH1
3516	POLR2F
3860	TCIRG1
4087	DKFZP586I2223
31	ING1
312	LOC51668
1761	SFRS12
3069	KIAA0258
3086	GPAA1
1117	SH3BGR
791	PDE6D
60	ZNF363
82	NEK1
61	HRIHFB2436
60	SPATA2
2569	CDKN2C
1773	KIAA0892
2269	FLJ21588
4220	LRP4
386	SRP54
393	LPXN
2606	KIAA0828
3841	CCS
268
3003	ZNF189
3635	IPW
584
236	DKFZP564O0423
413	CLOCK
1575	SAS
255	DSCR2
151	SAC2
123	TBL2
4284	SCAP2
1224
867	KIAA0614
133	ETR101
184	SFRS1
317	SFRS1
3379	VEGF
391	VDAC3
391	CCL3
1584	UQCRH
721	ATP5J
549	PEPD
79	RAB5A
4970	SFRS2
2825	SFRS2
35	CLK3
3920	PTK2
5534	NCOA1
3701	FVT1
47	PSMA6
3147	MPST
255	RALY
547	NBP
522	NBP
3265	TMP21
4354	KIAA0397
2820
110	CLIC1
3305	EBNA1BP2
489	PIG11
228	CHD4
3541	CAPNS1
868	C6orf4
1814	SCA1
33	CASP3
3693	SIAHBP1
402	OAZ2
4184	SSR2
4185	APLP1
3718	HU-K4
6285	GDI1
455	DDX9
428	KIAA0275
1185	DCTN1
3831	PRNP
3971	PTPRN2
3100	AP2B1
6081	BSG
67	DLD
1251	PDX1
241	COX6C
132	DNAJC8
208	ATP6V0B
3801	NDUFA1
888	YF13H12
424	PC4
215	AP3D1
2703	AP3D1
574	MACMARCKS
515	HIVEP2
621	TBCC
2573	TSN
4335	SHMT2
314	MAPKAPK2
3913	MAPKAPK2
76	LASP1
3687	FASTK
112	AARS
782	RNPS1
3294	RNH
2799	GTF3A
3560	ILF2
43	CDR2
3512	TFAM
751	KIAA0193
1104	POR1
1375	LRPAP1
960	IDH3A
3654	PFKM
72	TOMM20-PENDING
877	DAP
944	PRKCZ
3817	BAT8
295	GLO1
159	PKIA
3331	ODC1
86	NDUFA9
41	SLC16A1
80	SEC14L1
75	BRD2
2925	BRD2
1040	BRD2
96	PRKACB
1494	SNX4
2417	STK38
1222	STK38
2133	ACYP2
4068
4059
4430	FKBP3
821	IL7R
2169	IL17R
1446	MGC17330
2813	FGF13
350	CSNK2A1
1839	POU2AF1
217	SPRR2C
532	TLR1
820	NSG-X
327
3245	GNS
4022	MATK
3702	SLC7A1
3383	CD3E
4079	KIAA0556
575	GZMK
4120
397	PIK3CG
61	CXCR6
174	STK4
73	ZNF134
694	LTA
4110	ATF1
3463	PRPH
159	MAGEA4
323	ZNF85
2745	SERPINB8
98	EVI2A
1620	FLT3LG
487	FUT7
1512	CCBL1
3706	AANAT
4306	RPL7
431	LY9
503	KIAA0963
1837
3124	F2RL1
2383	H2BFD
69
3954	RPL9
659	PRKACG
1823	KIAA0507
206	MFAP3
137	IL18R1
125	UPK1A
3464	PDK1
2824	CRTAM
3829	CCNT1
955
1389	RNU2
3552	PLCB3
25	HZF12
56	DKFZp570I0164
490	ELAVL2
98	IRF7
2248	P2Y10
804	CASK
1165	ACAA1
4206
96	MGC15396
61
2613	MCCC2
134	PPM1A
118
1828
589
2430
69
357	KIAA1029
3548	KIAA0711
55	DKFZP564I052
244	GMPS
3876	KIAA1018
696	ENPP4
834	RPA40
1152	IL1RL1LG
1377	RAI15
77	BAG5
4032	IRF5
54	NMI
1537	USP20
309	KIAA0776
2848	SMAP
1814	PHKA2
3921	ATP2A3
131	GALNT3
3694	KIAA0995
347	EGFL5
281	PRPS1
240	PRPS1
321	PSMD9
1102	LSP1
92	SEDLP
3128	IMPA2
126	CELSR2
130	H105E3
1306	PPM1A
3843	FARS1
3880	AKAP9
109	RPL35A
69	GTF2F2
466	SACM1L
76	CGR19
51	GNE
111	U2AF1
358	ERCC1
2930	KIAA0690
169	ATP7A
184	EXTL2
136	LOC51634
4816	MGC2650
4302	MGC2650
1721	SYNJ2
46	MFAP1
247	P114-RHO-GEF
197	PPP1R13B
1865	SLC9A6
4634	KIAA0542
4244	KIAA0542
763
243	DKFZP586P0123
200	ASMTL
138	ASMTL
137	CACNB1
97	PCCB
58	FLJ90005
81	ZNF183
4275	CTNS
100	TOP2B
669	ARL6IP
60	PIAS1
268	IDH3G
39	RGS1
3205	H2AFY
332	MIG2
277	BIRC2
123	UBE4A
93	FLJ13910
2013	GARS
248	GARS
102	SNX1
147	ARF4
1470	AIP
665	EEF2
3702	UNC84A
5556	AKR1B1
38	TUBA1
283	PHB
114	EXT2
564	NOLC1
3505	INPPL1
72	ME2
3969	PSME1
2167	VCL
1113	INPP5E
111	GCN1L1
131	UBE2N
3781	NAGA
141	MDH1
2528	R3HDM
226	ACP1
135	KIAA0280
3970	IFRD2
2339	HSPA5
198	ARMET
382	DAZAP2
3592	ID1
255	SOD1
3359	IMPDH2
2891	ZAP128
243	HSD17B4
260	RALBP1
2606	DSIPI
4242	DSIPI
237	PRDX3
2255	AKAP10
241	AKAP10
63	BTG2
1976	ATP11B
3622	OAT
2055	ANXA11
97	ADSL
77	CAPZA2
112	RELA
203	FLJ10326
201	CRSP9
243	PMSCL2
292	CCND2
3527	ACP2
1454	UROS
369	HNRPA2B1
115	RAB11A
4388	GALT
4471	P4HB
157	PYGB
2692	DIA1
1360	FOSB
1812	RCD-8
3123	ASNS
2882	PRCP
963	MPI
40	CCL4
611	PFN1
5560	RPN2
82	COPB2
5408	TAGLN2
500	SRPR
4280	AMY2B
3809	PCM1
49	AMD1
167	AMD1
818	COX7B
1227	SCP2
59	NR3C1
1296	MTMR9
45	PIGCP1
438	TBX19
43	AP4S1
318	MAFF
245	BIA2
1251	LIAS
3197	PDK3
2873	PDK3
131	PDK3
59	CCR5
2014	SIMRP7
3500	KIR3DL2
3798	CRYBA4
39	GIT2
2469	SPAG1
621	ADCYAP1
3676
1311	RBBP5
3861	HLA-DQB1
155	LAG3
1094	D12S2489E
4628	CLU
713	H-plk
2596	GH2
4215	HSPB1
1672	RPL10A
3018	TPM1
321	TPM1
2839	LOC58500
4719	PSAP
118	SPN
4173	INDO
2622	PTPN22
226	TRIP13
3600	KIAA1109
1918
210	VAMP4
122	MJD
157	MJD
4249
3003	TAF15
2914	TRIM22
219	GTF2F1
35	GOCAP1
2739	PER1
150	KIAA0472
2260	GLA
136	PRKCL2
4500	FLJ10737
143	SIPA1
71	NXP-2
2219	LOC51690
176	LOC51690
175	RAD1
75	RRS1
87	C19orf7
2045	KIAA1115
273	PEX3
2498	KIAA0759
295	KIAA0804
1247	ARPP-19
3059	CR2
3025	IBTK
2232	HLA-DQB1
50	NQO2
4395	ETFB
2001	KRT13
1987	KIR2DL3
1534	KIR3DL1
5027	KIAA0841
268	FCER1G
556
179	ORC3L
41	ARNTL
52	PRIM2A
490	SATB1
242	STIM1
4331	TMF1
67	ARHG
121	MAP3K7
618	MVK
46	WEE1
130	MAP2K4
1182	SLBP
4512	CTSO
4121	MTM1
716	TCTE1L
39	MAPK6
3212	C1orf29
80	ZNF146
68	HUMAUANTIG
538	TAGLN
235	GTF3C2
369	NDRG1
29	C20orf111
3491	RASA1
1116	TSTA3
4364	ASAH1
4238	TIAF1
189	AF1Q
93	KIAA0174
4577	PLAGL1
5258	C12orf8
47	DYRK1A
548	CRI1
122	CSNK1D
243	HSGP25L2G
99	MRPL49
4202	HADHA
41	MADH4
271	KIAA0218
2803	C5orf8
759	SLC20A2
96	PRKCBP1
977	ZYX
1378	UBE2V1
63	EDR2
2038	DKFZP586A011
264	COPA
527	PGD
1261	MBTPS1
3030	ANK3
230	OIP2
875	KIAA0182
1657	RW1
1790	RNP24
168	SF3B2
689	PSMF1
281	MGC8721
316	NAPA
298	PA200
60	SLC2A3
67	PROL2
131	SRP9
3981	USP14
2271	HPR
281	IDI1
238	LYPLA2
282	LMNB2
434	TNFAIP1
4173	DAG1
2558	SFRS4
3510	TXN
281	ATP6V0C
5145	OS-9
4479	AK1
231	SCA2
3798	STK38
523	DKFZP564B167
1114	CAPN2
333	BLVRB
1508	CD63
502	NBL1
2084	TDE1
198	CAT
86	GTF2A2
4342	CAPZB
238	MX1
2708	CTSH
1373	LCP1
2976	PIG7
1252	PIG7
98	COPEB
916	AHNAK
908	PPP1R15A
815	ATP5O
63	KIAA0887
369	C9orf10
398	GPX1
88	ANP32A
292	SERP1
3276	MDN1
268	P4HA1
3268	ABCD3
389	HLA-DRA
3895	G2AN
49	ID3
1830	KIAA0254
113	PSMA5
75	NPC1
112	TOMM34
2944	TOMM34
62	TOMM34
395	TRAF3
191	CD3Z
2949	YDD19
155	KIAA0426
2632	FPRL1
4050	PPOX
269	ALOX5AP
1132	IRF3
844	FMNL
2010	BRMS1
643	ZNF354A
39	PPM1D
233	PFKFB3
267	C6orf32
89	VAMP4
4678	NKG7
63	SSA1
3561	DEFCAP
3983	NPFF
631	INVS
3115	GZMB
4174	PFAS
775	GNLY
34	KIAA0404
3884	SCGF
297	AB026190
449	PPARD
2262	KIAA0673
2451	CALB2
15	DJ159A19.3
194	DKFZP564M182
96	D10S170
3400	LAMP3
1428	CPB2
128	MRPL19
173	CD58
234	LOC91137
55	PLCG2
4478	MPV17
1305	PCK2
1030	PMM1
3316	UMPK
4275	GATA2
1551	LOC51626
3086	GSTT1
458	FCGR3A
180	INA
4316	BDH
1162	SP2
4275	DNASE1L1
1656	BTG3
67	KIAA0172
122	BNIP1
1397	ATR
57	KIAA0469
1335	KIAA0586
172	KNG
1728	AP3M2
144	HARSL
44	MGC5149
82	UCHL3
157	GABPA
1411	24432
4516	MYCBP
3931	SNAPC2
319	ZNF133
3167	NDST2
39	HTCD37
150	ZNF131
2453	ZNF32
4083	VEGFB
2819	LZTR1
2244	TAF6
59	ITPKB
150	BTD
25	GABPB1
125	IQGAP2
3681	TAZ
2996	GEM
2209	KIAA0233
1595	MAD2L1
2590	ALAS2
309	NRCAM
147	MAML1
355	KIAA0097
53	BTG1
46	GTF2E2
292	ARL1
179	LOC84549
317	GABARAP
4060	GYS1
120	DNCH1
171	ADPRTL1
409	CBX1
2988	EZH2
3756	GNAI2
241	GPR107
1554	ARHA
336	PLAU
314	TALDO1
43	TRIP-Br2
42	SMN1
80	BM036
85	BM036
3741	PAFAH1B1
321	ETF1
185	PTDSS1
122	TTC1
2318	TFRC
3255	FDPS
295	PLP2
69	PLEK
3115	NDUFV1
230	ALDH4A1
2553	ALDH4A1
881	DNMT1
248	HNRPA0
3005	DGUOK
3408	UBXD2
50	SNRPG
4174	PRPSAP1
2800	USP4
4216	GLUD1
4398	IVD
3855	HLA-DMA
2468	CALU
4462	ARF5
1326	DDA3
3816	HMGN3
55	PSMD10
77	UP
3463	SP100
3870	SP100
3725	SP100
4361	STARD3
117	P115
227	GCSH
238	UBE2E1
156	KIAA0102
2812	FIBP
491	RAB5B
2112	KIAA0429
6383	REA
315	DNAJB2
3849
67	ATP6V1E1
677	UGP2
3272	ANXA4
3575	KIAA0638
268	LOC51035
400	LMNA
176	SF3A3
36	GTF2B
31	GTF2B
479	RPS26
3039	HLA-C
1655	FEM-2
80	PPIG
4970	KDELR1
3650	KDELR1
157	IMAGE145052
494	DDX38
304	CTSL
2328	PHKB
180	ATP6V1F
468	PECAM1
214	PECAM1
58	AKR1C3
355	GSTT1
781	ANXA1
65	MAPRE2
4118	SRPK2
4329	CENTB1
3919	PIP5K2A
636	ATP10B
25	ARHH
3141	POU2F2
4136	HLA-F
2763	HLA-F
1385	SLC12A2
2315	HCR
1688	HCR
2113	PIASX-BETA
3194	PIASX-BETA
3418	PIASX-BETA
70	MGC3248
2926	KIAA0590
3716	KIAA0419
2687	LOC51601
4502	DKFZp586I1420
246	FLJ10140
229	TMEM5
3678	KIAA0443
3535	GNAS
4604	GNAS
4871	GNAS
4668
76	CLPX
2882	COL8A1
2014	TIAM1
192	SF3A2
350	RAB7L1
124	JAK2
4602	LAIR1
130	RPP40
3437	MANBA
691	TRIAD3
334	CD72
93	PRP17
2518	SLC27A2
1138	KIAA1093
930	TAF1
553	CSF2RB
2795	CAT56
88	NRF
145	SMURF1
372	FNBP3
4143	FNBP3
500	FNBP3
179	CRLF3
154	STX8
2538	KIAA1039
44	NUFIP1
3828	HSA6591
1546	HSA6591
40	STK17B
122	ELK3
297	ACADM
3245	CREB1
112	CD83
44	ARFD1
82	SELPLG
1978	ARHGEF6
58	NFIL3
2688	B1
185	KIAA0211
247	TESK1
110	PWP2H
2228	GCA
2775	SLC4A2
4452
69	NFYA
1649	MIZF
4111	MMD
2754	SALL2
242	PDCD6
3197	zizimin1
3598	HEF1
96
524	MGC14258
105	AFAP
2073	CYFIP2
173	PPP6C
3699	FANCG
96	SNRPA1
905	ZNF142
1062
197
69	UCP2
289	SEC6
1782	RASSF2
79	NUBP1
551	FLJ10803
4359	GRB10
2109	AUH
46	KIAA1128
213	METAP1
118	TAF12
1650	IL6ST
2288	PSIP2
309	NR4A2
2564	IRF4
2861	IRF4
161	CSNK2A2
4068	ZRF1
3327	HPRT1
3022	IFI44
49	KIAA0157
468	TNFRSF6
108	TNFRSF6
42	CD69
224	AOAH
266	KIAA0153
14	HMBS
103	MKRN1
90	RCOR
929	CABIN1
806	SNX17
417	GOLGB1
560	SCAP
176	IMMT
169	ATP2B1
133	UBE2G1
53	DDX1
591	DRG2
104	PSMB5
4356	UROD
1239	C1QBP
3049	ATP1B1
3810	ANXA7
73	USP7
249	NSMAF
57	ALAS1
785	SLC25A3
180	PDE8A
2853	PGK1
49	IFRD1
160	MATR3
167	MATR3
87	USP10
85	PICALM
102	UNG
246	ILVBL
996	DBI
2201	NUMB
33	PHF3
88	UBCE7IP4
126	VDAC2
162	VDAC2
350	AKAP1
83	METAP2
160	BLMH
4104	RGS2
60	RABGGTB
87	BCKDHA
4371	GLG1
129	ADH5
204	ADH5
242	DXF68S1E
48	SNW1
321	MOX2
237	HNRPM
40	SNRK
3801	MLF2
155	HSPD1
4732	DHPS
1112	DHPS
66	CCNG2
26	MYC
87	PPP1CC
109	MRPL3
3035	RCN2
3974	RCN2
398	XPO1
631	p100
1253	EPS15
40	RYBP
1077	MAPK14
4721	DIP2
145	GNG10
172	PCMT1
186	PCMT1
203	PCMT1
3636	SSRP1
136	SLC25A5
4519	PYCR1
66	GLB1
3129	FEZ1
382	ST5
2276	ANXA5
3813	KIAA0232
149	UBE2V2
2209	KIAA0255
79	EIF4E
3673	LGALS3BP
1564	RYK
4199	TFDP1
615	LAPTM5
1794	BAIAP2
2977	RXRB
1125	HLCS
1096	PSMC5
4128	EDG4
3404	TAF2
362	CRK7
3629	36408
3518	36408
32	KIN
1843	ASML3B
3242
90
2986
1200	RAD51L3
4076
4316	LRRN1
440	ATP6V0A2
3830
227	VPS4B
955	LOC58509
796	20D7-FC4
3935	MDM1
471	GALK2
43	UBE2D1
2793	C21orf5
39	FLJ11220
51	KIAA0863
325
270	WSX1
173	WSX1
960	HEM1
3568	CTBS
3265	KIAA1775
1604	ZNF337
2161	EGR2
127	ELKS
2442	TTF2
118	JRK
1123	JRK
255	GPA33
3619	PRKCN
850	DKFZP564C103
44	GTF2E1
143	UGTREL7
285	CD47
185	CD47
186
63	PTPN2
107	CUL2
97	SLC35A1
2348	TFF3
67	APACD
153	PEX11B
72	PIK3R4
2844	CRYZ
1265	GNL1
199	GNL1
3019
55	F8A
932	HCFC1
3583	STX4A
457	TRAF4
1078	ENDOFIN
493	BAZ2B
74	HMOX2
1406	FLJ20323
2712	ITGB2
626	NPTX1
4553	APOM
2430	CHC1
234	NFYB
3813	IGSF4
357	CENPB
149	TRIP11
391	RBBP6
110	PRPF4
53	PRPF4
86	HSU15552
913	APOBEC3C
3811	APOBEC3C
207	KIAA0321
2463	GCH1
1551	BACH
2104	BRD3
70	ATP6V1C1
258	SNRPD1
2631	PREP
141	TMEM4
3255	GGA3
378	PIK3R3
162	STXBP3
2193	MGC40413
3940	LY117
127	BAZ1A
2675	DNASE1L3
1680	MSL3L1
75	DTX2
59	CIR
793	DBN1
190	DCI
89	ARF6
135	LMNB1
223	EPOR
76	NCBP1
1858	ITM1
4571	ATP5D
749	FMR1
1325	FMR1
3550	DMPK
4374	SKIV2L
348	CPO
3376	DGKZ
616	SQV7L
296	CD48
710	D4S234E
125	BNIP3
1223	C19orf2
407	ATIP1
2417	ADAR
840	HNRPD
397	CSNK1E
155	KIAA0652
2816	PLEC1
3669	KIAA0871
3732	FBLN1
108	SLC3A2
102	KIAA0332
89	KIAA0111
1348	DKFZP564M1416
126	STS
69	MTMR6
314	RPIA
68	LUM
65	SPF30
3732	GALNT1
2659	G6PD
23	CTNND2
156	IK
1070	BTF
186	MAL
2817	BRE
106	HBXIP
1557	POLR2J
3165	KIAA0195
3794	DPT
2682	NDUFS5
2998	RPS16
4608	HPIP
2066	MVP
2115	HMGB2
3827	NQO1
3498	AMFR
4485	CLCN7
403
2885	HNRPF
702	DJ465N24.2.1
58	RNMT
3410	AP3S1
682	SYPL
205	ATP5G1
3750	COL6A3
585	FLNB
2022	COX8
555	LTA4H
122	KIAA0650
1960	NOTCH2
205	CBX3
487	CBX3
3720	S100A4
118	KIAA0144
687	PISD
1748	LGALS9
289	MISS
105	HNRPAB
4461	HLA-DPB1
3144	HLA-DPB1
113	PIG8
3999	LPIN1
3142	FACL4
81	TLOC1
150	BDG-29
773	FLJ34588
3065	DECR1
40	FLJ11021
1134	YR-29
3879	UNC119
3854	PPT2
1812	SDCBP
170	SYNE-1
1807	RAD21
794	FUS1
3763	SEC24C
3553	SHC1
277	GYPC
2142	PKD2
2157	WARS
3910	SLC23A1
253	D123
3292	SERPINE1
2845	BGN
3089	SDC1
300	GK
4966	PLAG1
2956	KIAA0373
378	WRN
781	S100A11
100	FPGT
2975	FLJ11193
1240	ZNF211
90	INADL
143	SH2D1A
418	CRY1
62	KIAA0053
76	MTAP
2866
89	ORC5L
100	DOM3Z
1391	ESPL1
641	LY75
2938	NOT56L
353	RIMS2
1964	RPGR
3722	INPP4B
3068
3684	HAN11
1365	KIAA1076
2939	GNB5
229	MMP11
32	NAT1
4295	MAN2A2
1682	LOC90806
2626	PPP4C
167	KIAA0406
3773	NEUROD2
3265	MEN1
4025	SLC35A3
2027	SURF2
1566	ZNF288
73	TRIP8
34	GCNT1
1805	CRK
502	DPYD
190	CNK1
768	SNAPC3
4658	FLJ10569
4022	MITF
1523	CYP3A5P2
3884	BTN3A3
296	F2RL1
3954	KIAA0552
305	KIAA0007
1987	AGL
1280	AGL
1341	KIAA0882
85	DKFZP564O092
1254	NDUFS8
4270	STXBP2
774	FLJ12525
746	RABIF
3894	RBBP6
3570	RBBP6
183	PKD2
118	PARG
1314	HDAC4
53	DUSP14
4327	ATP9B
68	PL6
4654	MGC19606
32	NFKBIE
458	PPP3CB
115	MRF-1
128	CASP7
4052	ADAM15
150	EBAG9
3594	MLL4
3346	CRYM
116	PSMB9
2738	RGS14
3987	HOXD4
318	PITPNM
2979	TMEM1
293	BIG1
151	BIG1
106	NCDN
126	CNOT3
403	TGIF2
3904	ABCA2
468	CIC
3597	TCEAL1
228	FAM8A1
1146	CD3D
496	LISCH7
53	MINPP1
85	RIT1
1243	P2RX4
4192	OGG1
491	KIAA1013
454	ZNF193
5015	RRAS
2934	HIP12
89	STAU2
39	KIAA0239
344	ALMS1
2882	CEP1
552	PP35
2933	ITCH
61	TUBA2
3925	PPIH
345	TUBGCP3
38	CEBPB
87
4137	RASGRP2
4066	RASGRP2
602	FLJ20259
574	TYROBP
80	BCE-1
331	PEX1
3578	PEX1
6174	DUT
156	MYD88
129
4232	PSMA1
429
4007
4328	TIEG
703	ESD
3611	ACADVL
72	ZNF220
674	CD53
109	POP4
143	STX3A
1884	MTR
71	GART
274	DSTN
5793	GSS
82	COG2
4346	CAPG
2585	ARPC5
98	KIAA0247
3391	KIAA0089
159	NDUFS1
290	POLD4
127	MADD
80	SNRPB2
95	PSMB10
1685	DKFZP434D1335
89	DKFZP434D1335
2426	LAMP2
921	LAMP2
192	FXR1
398	PTGDS
1598	SSFA2
321	CETN2
687
105	PPP1R11
1082	DAD1
260	PTP4A2
3727	CCT6A
633	AMPD2
3317	CCND1
119	KIAA0196
288	IL14
101
573	KIAA0747
301	TAF11
3302	COL15A1
3230	FASN
265	MAPK9
1162	ISG15
153	AAMP
4080	PRDX4
1745	KIAA0252
4372	MLN51
119	NFKB1
133	NFE2L1
4369	FLJ20811
973	MCP
107	MGC14433
5213	ARPC2
2574
4194	ADRBK1
1554	PRO2389
96	SSB
1386	UQCR
39	MGC5466
60	ICAM2
60	ICAM2
230	SNRPB
325	SNRPB
4517	CYB5
4796	CYB5
2151	NEB
377	NDUFA5
227	AMPD3
4550	GCS1
651	PAM
3879	CTSK
2789	HPS1
137	APPBP2
101	APPBP2
553	KIAA0143
2553	TARS
511	DCTN2
58	HUMAGCGB
264	DPH2L1
1339	SFRS8
394	ANP32B
227	UBE2I
193	RPA1
1245	HSA011916
70	NDUFC1
4598	IL15
884	KYNU
2125	PSMB10
159	LOC51014
2926	ITGB3BP
3711
3821	CYP2D6
2455
276	ISGF3G
4263	SCML2
815	U2AF1RS2
52	PDE4D
2765	NONO
1290	FLJ22709
77	TRIM32
3073	SLC24A1
287	NPM1
122	IL1RAP
3526	ITGAL
32	DUSP10
3325	MAG
3507	DRIM
268	RNASEH1
169	TP53BPL
4140	HLA-DOB
3487	FOP
93	YAF2
3515	ABCA5
816	MALT1
119	TNFRSF7
4160	GNAQ
3205	GNAQ
3165	IFIT4
2865	PTMA
3247	PTMA
3373	PMS2L5
1489	KIAA0284
3768	NDUFB1
249	KRT10
2994	TSPAN-3
2052	CG1I
4174	OGT
1870	LIMK2
4248	LIMK2
2801	GOSR2
4203	DDAH2
4481	LOC92170
4394	KIAA0399
3948	GCN5L2
2379	TNFAIP2
2716	MTA1
4276	SSR4
230	ISLR
3104	LOX
323	PDHA1
906	MAD4
1319	LOC51042
243	THG-1
3648	ALCAM
3936	DKFZP434A043
3892	COPE
111	ZNF384
397	KIAA0970
88	FEZ2
70	FLJ20154
3334	HNRPU
4072	MGC5576
4214	MGC5576
59	CLTA
82	SHOC2
2522	COX6A2
14	RNPC1
3262
518	BCRP1
3217	CFDP1
2743	CFDP1
4312	PSCD1
1764	LOC51031
186	KIAA0553
46	SLK
144	ZNF313
280	KIAA0620
3711	PPP1R10
29	KIAA1354
120	SNRPC
1338	STCH
2973	STCH
279	SNRPE
1149	SNRPE
98
1153	EIF3S6
464	KIAA1085
595	ATP2C1
65	STX12
135	ATP6V0D1
100	DKFZP566D193
198	POGZ
94	HSPC117
2493	C3orf4
1826	NAB1
686	ATP5L
4970	KIAA0738
3772	NDUFS4
65	PREI3
4307	CDK9
4144	CSRP1
2857	POLE3
690	DNPEP
239	MACF1
110	UBE2D2
2131	E2F4
4291	RAN
148	KIAA0187
1485	FLJ20113
1808	CLASP2
97	C1orf9
469	SREBF2
294	CAMKK2
118	COG4
47	NSF
110	CCT7
3904	KIAA1536
3215	OSGEP
417	KIAA0515
4566	MGC21559
4526	MGC21559
91	SDNSF
115	C7orf14
161	FKBP4
156	KIAA0864
166	CLNS1A
113	XRCC5
166	KIAA0513
499	WDR1
1201	SMT3H1
60	ETS2
81	ZFP36L1
70	PSCD2
732	RAF1
456	DSS1
525	LIPA
2798	ADARB1
1252	ATP5I
4117	XPOT
10	FADD
537	RAP1A
3523	PDAP1
931	PDAP1
3307	BTN3A2
4270	BTN3A2
680	RNAHP
2375	SORD
320
1811	DICER1
46	SPRY1
1736	HADHSC
3666	HDAC1
1267	STX7
82	KIAA1046
267	HDGF
2828	AKR1A1
195	GTF2H1
4004	MUC1
216	TKT
4663	DDOST
162	SMS
119	UBTF
95	UBTF
3889	KIAA0062
3874	AP1G2
3557	AP1G2
921	VAPA
899	PGRMC1
910	NCALD
50	CSE1L
51	TGIF
95	ADRM1
2196	EXTL3
1079	HDAC5
361	ATIC
4816	TSC2
744	ATP6V1G1
60	ARPC1A
128	SPAG7
3764	SPTLC1
1993	SEP15
2887	PGRMC2
46	STK17A
36	STK17A
3469	HTATIP2
4080	SEP6
2178	KHSRP
1312	KHSRP
255	FLJ11198
178	GNB2
1193	HLA-DPA1
1338	TOPBP1
241	TM9SF1
1526	DJ971N18.2
1813	PFN2
99	PFN2
3190	GDBR1
1514	HMG2L1
151	SSBP1
852	SCAMP1
1060	LOR
158	KIAA0635
3601	SEC31B-1
174	SCAP1
1907	RFC5
4476
106	GRAP2
158	GRAP2
39	BCL10
47	ZNF230
3608	KIAA0800
3523	SMAP1
2671	TRIM16
3621	LGI1
72	KIAA0240
3129	NCF4
2988	NCF4
871	MFN1
258	USP19
143	ATF2
442	GJB5
787	REV3L
4475	NUP98
2787	CXorf6
4460	TRD
3262	KIAA1009
115	FRG1
446	SSH3BP1
37	ZFX
157	ZNF7
421
358	ELA2A
4780	AD024
466	HCCS
107	MADH3
82	MTF1
3196	PPP1R3D
79	PRKCQ
479	LOC51172
2961	KIAA0298
281	WAS
3484	GPSN2
369	C14orf2
104	SH3BP5
101	IL27
133	NAF1
2371	NAF1
1371	LOC115207
1977	HIC2
3785	DJ-1
868	CORO1A
1976	YARS
52	PAIP1
122	MAP3K7IP2
1205	NDUFB3
65	RAP1
4340	NDUFA6
58	KIAA0436
108	LEPROTL1
156	GRP58
2396	MEP50
4454	WHSC1
449	DC12
3563	FBXO9
1154
293	DEK
329
2605	STATI2
420	ERF
3608	SLC25A1
2138	SLC25A1
150	NMT1
2168	CCR4
2637	NMT1
117	MDH2
167	PTTG1IP
174	MRPS11
1000	ZNF294
1283	LSM3
3933	ENSA
2004	ENSA
534	ENSA
27	APG5L
893	LSM1
61	MGST3
147	LAPTM4A
167	SIVA
287	KIAA0877
4554	DKFZP586J0619
235	IDH1
101	NUP98
4061	LOC54543
4478	COX4I1
4224	KPNB3
67	G10
1250	RABAC1
448	TSC22
109	C1orf8
189	DKFZP564O123
89	DD5
115	DD5
255	MLLT2
54	FBLN5
1567	NCUBE1
486	NCUBE1
228	DLAT
1306	ARPC1B
1219	DGKD
108	FLJ21432
2561	H2AV
68	SART3
224	C6orf9
3867	PABPN1
114	HPRP3P
2947	SRI
365	PAICS
727	KNS2
4228	ABR
158	DHCR7
87	PSMB7
2814	BST2
4092	PPGB
57	MTHFS
2483	TTC3
195	MEA
962	PPP2R5D
4161	AEBP1
4228	SNL
2154	ITGAV
272	MXI1
3022	NME1
75	PP591
69	NEU1
648	DRAP1
4041	DRAP1
74	SPS2
213	ERH
91	KDELR2
3532	MT2A
276	ANXA6
122	UBE2D3
110	SSBP1
1087	NIFIE14
4513	NME4
680	JWA
4477	H2AV
102	BRD4
2526	BRD4
139	SON
719	SON
280	SEC23A
3995	PPP5C
182
1050	VASP
3274	LSS
5351	EIF4B
3209	USF2
1617	ERP70
447	LOC54499
3625	KIAA0662
68	DNAJA1
1698	NK4
4152	MT1L
1793	GPI
2017	TRPC1
1178	TRPC1
149	PMF1
1699	PPP2R4
2933	PPP2R4
205	FLJ20297
2211	VPS39
334	UPF3A
138	SMARCA5
2433	GCN5L1
203	TOM1
3527	KIAA0767
108	OSR1
227	NFRKB
966	NFRKB
703	SPC18
158	LOC54505
69	ABCF1
3151	CPSF5
87	NFATC1
268	ATRX
834	ATRX
53	PRCC
231	RNF11
49	COIL
91	COIL
129	PSMD3
4008	RFPL3S
435	ATF5
61	PDHB
131
1609	KIDINS220
1092	ARIH2
4637	NIFU
125	SERPINH2
130	ALTE
2811	SEC61G
578
1706	FLJ14547
2958	FBL
130	NCOA4
4518	PFKP
4250	FUS
530	EMP3
2690	PCTK1
3263	TCEB2
764	LOC56270
3090
3721	PPBP
156	FLJ10374
2048	ZNF23
122	CEBPG
103	CENTD1
125	AGPS
4341	CD3G
590	SDCCAG1
4019	APOBEC3B
206	CHD1
888	LIMS1
188	MRE11A
2473	CD8B1
2393	PSIP2
3636	RAB4A
81
180	STAG1
3377	AQP3
2169	AQP3
1440	CCNC
3750	SUCLG2
117	RALA
40	KLF12
136	FLJ20552
5277	HKR3
129	OAS2
1877	OAS2
979	AGM1
126	RFC3
3876	RAB4B
3149
266	NUP62
314	TNRC5
4203
4033	PAI-RBP1
56	TIF1
3998
1780	KIAA0971
78	RUNX1
146	PRSS16
3885	CLTB
71	CLTB
177	PRKWNK1
3365	CMAH
54	LCP2
3189	CASP1
338	FLJ12587
1712	PPI5PIV
4280
3332	D2S448
47	HMGCR
89	ACTN1
701	ACTN1
71	TUBB
3643	TUBB
660	EIF5A
1483	ARF3
240	H2AFZ
4425	S100A10
1470	KIAA0792
2646	HEXA
1749	MGC10558
2710	MARS
4041	HSU53209
623	HSU53209
2655	NPC2
1617	KHDRBS1
1856	AP2S1
4142	HRMT1L1
151	GPC3
165	CD59
84	HSPE1
1408	AOP2
78	ABCE1
54	C2F
126	NCOR2
151	SNX3
1604	TM4SF6
447	BC-2
1750	ELAC2
80	EIF2S2
2643	KIAA0935
3611	MAP1A/1BLC3
4653	KIAA0630
1853	MRPS27
1027	BECN1
132
53	KIAA0697
3702	XAP135
955	TRIM2
33	KIAA0110
3008	CD9
82	NUP133
62	AMSH
326	GNPAT
501	LYPLA1
4224	TBCD
2629	BLMH
141	KIAA1055
110
294	KIAA0678
182	RENT1
66	KIAA0266
2330	MGC5139
29	DKFZP434J214
100	TRIM26
235	HNRPK
3783	TIP-1
5336	DKFZP564M182
3438	SPAG9
26	RUNX1
251	PDE4DIP
100	SPOP
3605	TNFRSF14
86	TXNRD1
3263	TCERG1
3235	UQCRB
46	LNK
678	UVRAG
620	TNKS
3736	NPEPPS
308	B4GALT4
253	KIAA0592
3406	PFDN1
4524	BNIP3L
4182	ZNF289
327	CREBL2
1381
3841
134	LANCL1
2001	DKFZP564G0222
982	COX5B
2581	SF3B1
1198	B4GALT3
2732	IDS
241	M11S1
236	BHC80
484	LOC133619
1446	ARFGAP3
2908
201	DPYSL4
4874	OGT
2357	PDCD4
209	PDCD4
402	POP5
775	LOC56007
1247	LOC133619
2395	KIAA0692
3358	KIAA0692
186	PFKFB3
3673	STX16
116
1304	RRAD
3922	SLC7A6
123	STK22B
3365	SORT1
152	KIAA1237
107	ENC1
148	RANBP9
43	RANBP9
3272	NPAS2
157	C1orf17
120	BHC80
595	PTEN
98	SPTBN1
1448
2823	CBX6
162	CBX6
1311	CGGBP1
70	KIAA0268
119	AQP7
915	DKFZp434G2311
2566	PDE6B
972
4124	APBA2
2888	MT1H
3711	EPOR
2036
3943	RASSF1
43	PSCDBP
133	SPAG11
2746	MTMR9
2095	HOXB2
1055	MAN1A1
1975	POU6F1
1087	KIAA0459
223	POU5F1
46	RAB9A
1022
2126	SLC26A2
150	TFAP4
270	TNP1
2702	POLG2
2860	ARHGAP4
3363	KIAA0435
1709	XCL1
48	KIAA0441
116	TSFM
381	MAN2A1
356	PTPN7
145	ACAT1
143	E46L
173	E46L
1692	E46L
2201	REQ
75	SH3GLB1
686	DKFZP586F2423
172	MGC5508
2333	MGC5508
36	DAF
4280	LAGY
309	TRIP12
213	ARHGAP1
3139	PEG3
34	UTX
332	HMGA1
4334	KIAA0700
1060	CPNE3
401	MTMR4
3992	STAT3
2583	SEPW1
1265	P311
212	PRKCSH
17	PLU-1
5504	SH3BGRL
241
3183	MRPL33
59	ZP3A
5299	NCOR1
96	CUL1
74	CUL1
252	RNPC2
33	DUSP11
3524	PRDX2
93	ABL1
2318	RBMX
33	HERPUD1
2779	SCYE1
195	NIT1
1654	MYH9
524	NACA
3310	NACA
1336	HADHB
139	TANK
2480	FLJ20580
83	DDX3
3501	OPA1
2609	POLR2B
183	POLR2G
1598
178	PSMD4
82	ZDHHC3
504	101F6
39	ITGA5
62	XBP1
54	XBP1
4924	LAMP1
1452	QKI
3557	QKI
2301	KIAA0241
91	ZNF262
63	ACVR1
2348	TLN2
391	POLR2K
179	CCT8
1580	C1orf16
3584	C14orf1
494	OXA1L
3986	ULK2
170	KIAA0916
88	MGAT1
3675	TARBP1
2519	PPP3CB
3632	IGFBP4
180	C1D
4651	KIAA0100
1336	EIF2S1
2315	KIAA0092
3044	ATP2A2
87	ATP2A2
2730	HNRPR
343	GBAS
109	USP8
561	AP2M1
1051	PSME3
91	KIAA0349
2919	RPS28
111	FABP5
241	DDX18
154	HAX1
578	PLOD3
2497	CCL7
616	DKFZP547E2110
53	HBP1
3594	MGC2749
2021	MGC2749
39	MRPL12
88	LOC51635
4365	RCL
3308
125	GADD45B
1990	GADD45B
3931	H326
3410	PTP4A3
4695	SLC25A1
61	RTP801
85	ARL7
1959	RPL27
67	ARS2
4745	ARS2
251	MINK
3264	SBF1
104	CLASP1
3899	CSDA
751	SLC16A6
138	FLJ30656
1267	PRSS25
3834	CTSF
92	RES4-25
99	TAHCCP1
2785	RPL36AL
11	STX11
20	STX11
2964	FUBP1
3837	KIAA0296
3767	CIRBP
2240
2505	USP22
3517	TUFM
538	PCBP3
2857	GTSE1
33	PCTK2
3981	ENTPD6
2486
2975	TIMM8A
78	HSA9761
251	HSA9761
210	HSA9761
2147	BRD1
1426	DDX16
188	KIAA1966
3862	TSLL2
3174	STK25
1709	ARFGAP3
144	ARFGAP3
1273	LOC51257
1467	RPS15
3434	TUBGCP2
361	TUBGCP2
3578	CRF
136	COX5B
167	FLJ10971
60	KIAA0853
293	ARHGAP5
69	KIAA0922
2175	EPHB6
3735	DYRK3
47
277	SKIL
86	BATF
121	ORC2L
718	MAX
155	KIAA0628
2452	KIAA0628
82	DLEU2
3673	KIF3A
1540	P1P373C6
114	RP2
2594	CSPG5
1152	LDOC1
4032	LTC4S
108	H4FG
247	ZNF-U69274
1846	VRK1
126	FAP48
3437	FAP48
282	DKFZP586D0919
3070	RAGB
341	PIGA
1217	WWOX
2580	BMPR2
232	CASP10
2967	CHAC
2209	CHAC
198	ZNFN1A1
3398	FMR2
473	LRP8
2015	KIAA0303
2081	KIAA0410
138	EVI2B
3533	CELSR3
4258	FCMD
3306	ATPW
2935	PRKY
2986	KIAA0133
406	MAGOH
143	ST7
1415	HEC
69	C18orf1
101	C18orf1
317	SBB103
53	PUM1
109	CBFA2T2
533	KIAA0057
259	ACTR1A
5492	KIAA0082
220	UGTREL1
1481	LIM
347	PLAGL2
4137	NDP52
71	ALS2CR3
329	DLG1
173	UBE1C
59	ELF1
57	STX5A
146	SVIL
144	RBM10
69	MRPS31
639	MTHFD2
286	TPD52L2
108	ACO1
3804	KIAA0090
3381	PLTP
152	FACL2
123	KIAA0625
47	TFCP2
113	TFCP2
65	KIAA0261
53	NRIP1
4700	WBSCR22
3854	WBSCR22
95	BCL6
348	BAZ2A
2441	CA2
303	ATP5A1
60	EHD1
87	ARHGEF2
126	ARHGEF2
2462	ARHGEF2
122	OSBPL2
158	VIL2
190	MUT
208	E1B-AP5
4125	ALDOC
152	BZW1
167	SRF
4322	IDH3B
3979	IDH3B
2305	IDH3B
226	GS3955
600	ATP5C1
3054	PFKL
102	MCM6
1418	ZNF3
4239	CRTAP
177	HAGH
71	HIP2
4332	NSAP1
595	GBF1
309	RUVBL1
1331	CANX
4113	PMX1
563	KIAA0171
631	PRKDC
152	FSTL1
258	FSTL1
350	GRHPR
207	ATP5J2
4918	KIAA0676
163	PTPN1
4071	MOV34-34KD
4234	FRAP1
2740	ZFP103
1051	CUL4B
4506	DDX24
2346	KIAA0140
184	RAP1B
3839	VAT1
1197	SH2B
233	SNRPD3
227	PXR1
212	TAP1
253	ABLIM1
81	KIAA0618
126	ARHGDIA
4182	SE20-4
53	SBA2
767	SBA2
381	TIP47
3664	MGC21688
116	RFP
389	ZNF-kaiso
171	CSNK1A1
3606
232	SET
1528
3449	ENO2
84
3048	H2AFX
507	VDAC1
4329	ICAM3
4254	HSF1
49	BTEB1
1035	SUI1
2186	CTRL
115	CTRL
536	HNRPA1
76	UGCG
2614	HIS1
89	HIS1
4123	TAF1C
4336	KIAA0685
4230	GAK
3833	POLRMT
3281	DGCR6
4194	ACK1
913
4233	P84
1567	MPPE1
71	ZNF140
2541	DLG1
3656	HRB2
241	HRB2
2424	HRB2
210	DDX28
3275	CSNK2A1
4593	RBM9
1723	SRP46
1803	ZFPL1
279	ZFPL1
4161	KIAA1036
3499	KIAA1036
3200	FOSL2
82	PRPF18
114	KIAA0095
2144	DBP
734
157	PSMD7
457	GGA2
125	KIAA0121
550	B7
6344	NEDD5
1799	NVL
3238	NAPG
42	SIAT4A
95	ABCB9
75	CXorf9
3219	RE2
88	KIAA1240
2588	SYNGR3
53	CDC14A
319	CBLN1
3579	HKE4
1626	OGFR
150	CSTF2
3712	FDXR
2467	FUT1
32	DKFZP564K2062
3511	HOXA7
2477	LANP-L
3327	LANP-L
1070	FLJ14431
2731
3325	AND-1
1938	C11orf13
614	P3
171	CCT6B
1347	NFKB2
56	SLC31A1
39	GNA15
4188	HLA-G
3982	HLA-G
3169	EGR3
4232	ARSE
4227	KIAA0682
466	KIAA0972
131	CCL20
470	TDGF3
3800	P2RX5
1713	MEOX2
86	IL4R
3028	SLC6A2
1080	CDC16
3385	NAB2
3441	KPNA2
3880	CARS
4027	ALDH3A2
1979	DCTN3
142	NCOA6
2318	DAP3
990	VARS2
3301	ACAA1
1994	SMARCB1
260	CCT5
673	RBBP4
3713	EPB72
109	STK10
1630	PIN1
157	KIAA0903
2262	PROSC
75	BCL7B
53	COX17
3810
210	KIAA0431
529	GNS
196	PODXL
384	SLC25A6
1612	SLC25A6
78	DKFZP564G2022
48	PPP1R12A
291	ASNA1
96	PAI-RBP1
3712	PAI-RBP1
3734	PAI-RBP1
227	PHF1
54	LPIN2
42	ZFP36
96	RFC1
1637	POLE
1145	CPNE1
103	SFRS5
126	KIAA0830
3771	LOC64116
207	SFRS3
5364	STAT5A
32	ACOX1
4030	C20orf188
113	KPNB2
1517	KPNB2
171	U5-100K
67	NFYC
153	SDHD
1015	FBP17
4226	MCM3AP
2137	OGDH
518	PXF
3598
131	STK24
48	ILF1
2054	ILF1
3373	DJ971N18.2
122	FYN
320	FYN
2661	HSA249128
1661	HSA249128
603	HSA249128
4397	DDX21
1361	KIAA0826
433	CD44
3385	DEDD
2199	NPR2L
3564	NPR2L
2928	NPR2L
3601	MYBPC1
2865	PON2
151	UBE2L6
3475	PABPC4
181	SLC2A1
135	ETFA
32	GATA3
93	CHN1
2729	SDBCAG84
4092	EIF2B2
40	AHR
292	KIAA0372
334	PTPRC
478	PTPRC
564	PTPRC
3812	RAB2L
252	GLUL
2766	IF2
3833	IF2
193	IF2
3392	MYO9B
737	PROSC
3108	NDUFA2
158
365
3936	TC10
5128	RCN1
4769	GNA11
174	DKFZP564A043
448	DKFZP564A043
49	TUBA3
170	ATP6V1B2
3998	ZNF42
48	FOXO1A
797	MYO5A
248	DLG5
2142	HNRPDL
4131	LOC158427
56	HRB
3521	PTPRJ
63	NUP88
2975	ADCY7
1144	EEF1E1
53	EEF1E1
68	EEF1E1
4061	SNTB2
104	CDC27
3641	IDS
292	PTBP1
187	TCOF1
63	IL16
3494	BBP
2991	DYRK2
54	SNX4
625	ELL2
270	DPYSL2
137
54	KIAA1564
136	ZFR
1780	FLJ12619
2203	FLJ21439
332	EIF3S1
1196	FLJ20274
145	H41
66	E2-EPF
2987	UBE3B
3380	UBE3B
3911	RHEB2
147	PIGH
108	TOB1
3294	DIS3
2934	NAP1L1
2376	HSPA8
182	SFPQ
4387	384D8-2
4118	BTAF1
3867	ITGA2B
2957	GSK3B
49	CX3CR1
722	CRHR1
2073	PASK
55	PEX7
60	HSPA1L
3270	NR4A3
3171	NR4A3
3114	NR4A3
3275	NR4A3
1546	CD6
4273	CD6
1579	RAB27A
297	KYNU
2835	ACADSB
1995	SIAT8A
121	ITGBL1
3051	GCHFR
1072	NMB
192	LAT
148	CKS2
25	ZNF274
3375	TLE4
580	IMPDH1
4048	RIPK1
45	CLECSF2
337	CD8A
3798	SP140
95	IFNG
1725	PIK3CA
993	MPHOSPH9
3887	MPHOSPH9
3248	ZNFEB
369
4833	ADAM8
2116	NFAT5
3938
2943	CTSW
199	DJ434O14.3
322
1510
67	SIT
70	ZNF200
298	GOSR1
36	APC10
1217	LTB
39	NPAT
74	CD2
956	CA4
3356	PAX6
1867	AP1B1
619	GTF2H3
3334	NPM3
1824	GZMA
20	ICT1
467	GOT2
184	KIAA0251
3244	NUP214
1337	HNRPDL
637	MSN
149	CCT3
1629	ITM2A
141	CTNNB1
2858	HADH2
103	KIFAP3
223	CTBP2
115	SDR1
4829	PIK4CA
115	PPP2R5C
195	PPP2R5C
123	PPP2R5C
216	WIRE
452	AK2
223	AK2
66	BHLHB2
120	POLR2A
2097	TTN
192
304	ADAM10
4242	ADAM10
612	HN1L
434	DKFZP434C212
1878	DKFZP434C212
3922	PORIMIN
3734	NUP88
255	KIAA0440
51	MGAT2
2851	SMARCC1
3266	COASTER
56	SLC5A3
84
2777	IDS
4808	IDS
71	PWP1
4003	NUCB1
1432	LOC51580
398	RBM8A
3768	RBM8A
3754	AHCY
69	NFATC3
88	NFATC3
224	RANBP16
3652	MAPRE3
1687	MARK3
3505	IARS
102	ARHGEF7
260	KIAA1037
1381	DKFZP586B0923
94	LAP1B
118	LAP1B
3324
3620	TLE2
93	KIAA0530
71	UBL3
60	PPIF
309	TACC1
1434	SNRPA
3230	ICAP-1A
193	TSBP
6279	ILF3
1211	ILF3
285	KIAA0750
3416	CREB3
1815	SEC23B
29	PCTAIRE2BP
192	ATP10D
6262	UQCRC2
1116	KIAA1053
1238	PSG1
221	FLJ11806
2388	MRGX
403	CKB
71	RAC1
48	TDG
4248	NIPSNAP1
661	PPP2R1A
331	FLJ20274
1026	RBM6
1075	RBM6
426	COX6B
3815	DVL3
124	EDF1
4729	SNRP70
57	GYG
4019	MN7
2671	MN7
116	BICD2
1074	ACLY
1045	CES2
4297
1110	EEF1A1
2780	EEF1A1
1375	EEF1A1
434	MTX1
1282	DXS9879E
73	SUCLA2
2898	POU2F1
188	SQSTM1
177	YWHAQ
1510	STRN3
88	WWP1
3560	ATP6IP2
4941	PRPF31
3113	PRPF31
539	LOC146542
3115	CUL4A
74
397	CAPZA1
2148	BPHL
774
2152	FLJ10097
2150
965	FLJ14627
1414
3831	WSB1
1511	LOC50999
284	DKFZp667O2416
426	CRIM1
1609	ZNF291
148	RCE1
62	FLJ12671
4158
3640
3937	CNN3
2135	FXYD2
6007	PTOV1
223	JJAZ1
70	B4GALT1
324	SMARCA2
278	SMARCA2
2399	HK2
4067	STK39
254	KIAA0229
2796	TFIP11
2670	TFIP11
3002	KATNB1
170	C14orf3
265	KIAA1564
3952	FLJ10534
3581	FLJ10534
1504	76P
1468	76P
77	YME1L1
3116	TSPAN-5
6022	GPRK5
3186	MAP3K12
2046	TNRC11
131	CSNK2B
4419	CHES1
3949	SLC16A5
56	PFDN4
338	KIAA0888
927	SYN47
3047	PRKAA1
189	DKFZP564O243
897	GPD2
101	RYR3
1200	U1SNRNPBP
213	ZNF84
980	SULT2B1
46	RPP38
89	MGC21654
2318	SECTM1
3545	ZNF261
2917	C9orf16
3158	PMAIP1
3107	IRS1
64	TAF5
470	TSNAX
228	KIAA0290
67	HT012
57	HT012
111	HIP1
4380	NSPC1
104	NSPC1
916	DNMT2
77	MTERF
3543	SPINK2
4647	KIAA0543
635	KIAA0150
2041
2775
4517	FALZ
720	ERCC2
130	TERF2
2581	LIG3
406	IFITM2
294	TUCAN
94	SAC3
67	T54
736	KCNN4
474	SNPH
1131	PGPL
546	CUL5
391	KIAA0557
3148	BAIAP3
2629	FLJ13639
4032	AMT
3272	KIAA0601
411
3708	SLC1A4
3125	LOC92703
190	KIAA0033
643	RANBP3
117	HNRPH2
306	HNRPH2
281	G3BP
4173	APP
2092	PPP1R12B
1613	MIC2
141	MAGED1
70	IFNGR2
2185	PRKRIR
401	OXCT
264	CALM1
2211	CALM1
1931	ADPRT
1479	MGC4276
185	SKIP
3387	RPL36A
3319	CTNNA1
214	CTNNA1
2443	CTNNA1
111	CLTC
1683	MBD3
132	DAXX
130	PPM1G
3394	P24B
68	PPP2R2A
4262	TAPBP
3572	KIAA0663
4421	PSME2
4015	ARSDR1
289	RANBP2L1
518	CBFB
400	FLJ12443
1163	FLJ12443
3455	RPL11
4217	KIAA1100
69	CSTF3
94	PSMB8
227	SMT3H2
370	MLC-B
4217	LC27
3953	TNFRSF12
3642	TNFRSF12
75	KIAA0992
3970	LOC56267
2573	DUSP6
4491	SRP14
83	KPNB1
192	RAD23A
68	SFPQ
172	DNM1L
87	OS4
4491	SF1
67	UBE3A
396	COX6A1
914	S164
4712	LPL
54	RBM12
116	WBSCR1
5169	PRDX1
1768	ID2
439	KIAA0729
4584	KIAA0729
2376	MSF
1416	PGAM1
4552	STAT6
2039	COX5A
583	KIAA0788
2297	DUSP3
2769	OCRL
207	ATP5F1
2001	HMGN2
97	DKFZP564D116
84	DNAJB6
290	LOC136442
3716	ATF4
4006	HSU79252
936	HLA-A
3661	CTSS
2259	PSMA2
3744	NARS
153	UAP1
993	KIAA0447
2956	PPP1CB
3231	SERPINE2
153
95	CSTF2T
2101	FLJ13052
106	JTV1
73	TRIP3
262
4366	EEF1D
3882	CAST
4285	WBSCR20B
909	HSPC111
3743	DDX17
39	GTPBP1
212
222	ITGA6
2585	KIAA1049
3932	KIAA1049
2534	API5
3682	MGC2747
4251
445	SAP18
84	SAP18
350	BAF53A
2011	PEX10
1771	HNRPH3
1766
217
3360	HNRPH1
130	STARD7
2602	STARD7
3432	ITM2B
4258	AHCYL1
4226
160	APBA2BP
990	CTBP1
595	CTBP1
2548	OSBP
2942	CS
60	SAFB
3571	LRRFIP1
2581	NOLA2
2464	FOXM1
2811	FOXM1
4572	EML2
33	LOC57147
497	POLR2E
1578	CENTB2
227
165	DC8
4104	AES
725	AES
2174	UBE4B
4520	RANBP1
4164	CDS2
3176	PURA
3943	COL6A1
54	SIAT1
200	BCL11A
214	CNOT8
2271	CNOT8
234	ABCG1
1509	SIP1
4062	KIAA1002
115	HPRP8BP
579	KIAA0831
3603	RPS6KB2
914	C6orf28
220
1205	KIAA0594
2894	DPH2L2
75	KIAA0308
3239	RIPK2
131	KIAA0346
448	KIAA0346
452	UTRN
57	ZNF195
537	CHST1
3520	CYLN2
3292	FLJ21940
4904	KIAA1111
3344	SNRPF
4438	FLJ21919
204	RDBP
62	SUPV3L1
135	ICB-1
53	LOC51103
235	CLPTM1
134	BYSL
2120	MIR16
347	LEC2
4832	CAMTA2
294	CLSTN3
70	FLI1
1930	ZNF212
4475	ABCC5
3756	PPP2R1B
99	WDR7
207	ICK
524	RPS6KA5
246	FLJ12552
194	ZNF198
54	DKFZP564F1123
404	OSBPL8
3327	HSD17B8
3325	TBP
128	TIC
770	TGFB1
3652	RNAHP
46	CHSY1
2521	SAR1
2792	SAR1
178	C6orf34
39	KIAA0423
4350	KIAA0467
1379	TPP2
213	RBM14
4417	PMS1
1113	SNX2
131	FLJ38984
110	KIAA0339
330	ZNF148
289	ZNF148
138	TRG
89	APOBEC3G
253	KIF2
3418	NINJ1
76	JUND
288	JUND
116	LDHA
1197	LOC57149
2291	PRPS2
1808	ATP11A
151	ZF
1179	CLSTN1
156	SKI
1498	SKI
1317	HIPK3
80	KIAA0854
94	MAF
389	MAF
192	MAPKAPK5
308	HSPA9B
135	HSPA9B
70	BRAP
474	MRPL9
55	YKT6
4314	MFNG
1319	INPP1
878	HMG20B
1357	HMG20B
3918
164
167	ACAA2
2952	ZNF151
1165	CDK2AP1
4877	PPP1R7
87	ZNF216
2177	BUB3
665	AP1S2
4517	AP1S2
3511	RER1
395	RER1
4670	RER1
56	KIAA0052
664
250	BMI1
4468	A2LP
622	DNAJC9
265	REL
98	REL
83	SP3
140	PNN
60	PPP1R16B
1960
12	FEN1
462	NUDT3
4568	KIAA0746
3441	LOC51112
2294	HAN11
1370	SSI-1
1217	JAK1
1437	KIAA0947
198	SEC22L1
272	SEC22L1
250	PA2G4
4019
211	TBL3
3346
463	KIAA1219
95	DRG1
308	HLA-DMB
524	TRIP4
741	KIAA0708
2762	MGEA6
221	IRF6
853	ZNF266
148	ZNF266
281	TRAP240
3856	TIMELESS
94	SDF2
1107	FUT8
101	E2F3
4955	SENP3
152	KIAA0256
330	WTAP
305	MYLE
354	KIAA0073
2071	DJ167A19.1
194	C4.4A
428	SMA3
3605	SMA5
184	JIK
2700	JIK
86	FHX
1252	CIAO1
277	KIAA1033
3772	ADA
131	MID2
238	NMT2
4044	STK11
1448	SUPT6H
3182	DKFZP566B183
46
2384	TIMM44
46	PCF11
165	TDPGD
490	KIAA0191
3825
59
2699
3104	C1orf21
824	ABCB7
4102	BCKDHB
854	BCKDHB
3421	KIAA0752
4609
722	TM4SF11
45
926	KIAA0794
54	SYNJ1
124	BN51T
91	MGC3077
2939	KIAA0939
1063	BRD1
121	F2R
352	POLR3F
2731	LOC54103
887	KIAA0560
2432	ZNF36
2385	PIK3C2B
189	RC3
4608	FADS1
4545	NNT
1253	HLA-DRB1
2443	DXS1357E
4585	CSNK1G2
3352	ECE1
423	KIAA1007
315	KIAA0152
362	ARIH1
74
32
6199	KIAA0870
90	SRRM1
2823	RBM3
219	OPTN
4529	OPTN
1216	OPTN
2265	IFITM3
577	NHP2L1
120	MEF2A
536	C21orf33
3525	P5
305	GHITM
573	ACTN4
131	LRPPRC
165	NTPBP
757	VAPB
2417	C22orf5
4094	TCEB1L
293	COX7A2
115	TIAL1
4267	TIAL1
2878	TIAL1
3036	RPL35
4670	MAN2A2
3758	GOLGIN-67
3614	PRKAR1A
4038	PCOLN3
3781	ATOX1
914	SLC1A5
3145	RGS16
86	PPFIA1
3063	PPFIA1
2037	DKFZp564B0769
5207	EIF4G2
2425	KIAA0669
105	KIAA0669
3755	KIAA0669
3679	ALDH5A1
2511	MGC16824
4419	ABCC8
34	NCK1
48	PLCL2
225	SMPD2
1114	DNAJC7
144	DNAJC7
4407	FLJ22531
1334	DMTF1
129	MGC4175
4080	DKFZp434H1419
4350	KIAA0906
720	FUCA1
1478	SYNE-2
638	FYB
88	CDC2L5
99	ZF5128
84	STAU
86	LOC51096
300	PINK1
3118
153	MBD1
2079	KIAA0731
3139	KIAA0494
1951	JTB
813	JTB
523	JTB
112	CHERP
489	TREX2
77
1818	IL24
212	DIPA
60	RLF
599	PRPSAP2
694	MYB
57	HAT1
3197	FRAG1
518	LOC93081
400	KIAA0056
112
4656
3214	ATPAF2
1171	GGT1
176	PES1
150	T1A-2
99	DFNA5
211	MC2R
228	TPR
484	MAX
477	EWSR1
2801	B2M
1648	TUBB5
103	NP
3504	CXCL10
4327	TRA
975	TRA
541	PRKACA
4297	NFIC
227	TRA1
4131	CSNK1G2
3143	CSNK1G2
2142	MEN1
56	CGR19
47	CGR19
3261	SMARCC1
379	SMARCC2
3581	SMARCD2
138	UBL1
1171	BIN1
4359	ASAH1
1368	IFI35
3832	GTF2I
131	OSTF1
2014	TUBB4
4422	STAT5B
1036	RIPK1
4380	HDAC1
1221	IRF5
125	SNRK
238	NCOA1
1981	CASP9
973	MUTYH
3613	MUTYH
1612	CSNK1D
101	IL15RA
4872	IL11RA
193	CLN3
1610	TAX1BP1
1120	POLR2L
1444	UBE2D3
4152	CDC37
153	STAT5A
17	ELF2
1623	SUPT4H1
58	MADH4
40	MADH4
286	CBLB
1439	NR1H2
857	NR1H2
3676	MAP3K12
373	PMS1
1520	PMS1
3346	PMS2
2146	DUSP5
3549	RTVP1
4020	RYK
3515	NFKB2
3233	NFKB2
669	PKIA
3366	NR4A2
302	RARS
54	EP300
53	ARHGAP1
101	ARHGAP1
2927	AKAP13
3924	GSTM4
541	KRT1
741	PML
3126	RELB
4704	NAP1L1
3881	TTK
2737	CASP1
2199	CENPC1
140	NR2C1
2548	XRCC5
119	XRCC5
46	EDG1
2361	PTPN1
771	SRD5A1
62	ICAM2
1603	PTPN1
165	PSMC3
142	CSNK2A1
783	TNFAIP3
59	RAB5A
3476	NR2C1
3988	BRCA1
746	BRCA1
4285	MT1B
173	ADRB2
1135	RAB4A
410	RAB6A
60	RAB2
3431	IL9R
2025	DCTD
3194	DCTD
787	GSK3A
2430	TFDP2
1940	PRSS8
404	PSEN1
167	PSEN1
3667	CLK2
43	CXCR4
71	RPA3
1214	RPA3
506	MXI1
3138	INPP1
342	DDX9
3760	EIF1A
4016	NEK4
85	IRF1
2218	MTHFD1
524	IFITM1
1067	IFITM1
1713
84	PSMC1
4115	P4HB
1499	ZNF234
1809	NFIA
80	NR3C1
110	TUBB
4153	IGL
242	GS3955
3610	HSF4
873	HSF4
331	RQCD1
369	SNRPC
3306	OATL3
293	MUC3A
469	MUC3A
265	AKAP13
1023	NT5C2
59	NAP1L3
3127	DDX8
1629	PDE3B
196	MXI1
305	CAD
80	PIGC
58	DNAJB1
3706	ITPR1
2277	ITPR2
1828	ANXA2
90	DYRK2
59	DYRK2
118	GMFB
1030	LGALS9
242	KPNA5
141	ANXA2
459	CD7
3595	PIGF
399	GDI2
1001	SSTR5
172	RUNX1
39	RABGGTB
303	RPC62
5249	WWP1
1915	WWP1
125	WWP2
141	POLA
3843	EGR1
94	PTPN6
4102	CDKL1
90	PRIM1
183	CDK5R1
69	TAF12
68	CNK
3426	RAB27A
3702	ARHGEF1
729	UFD1L
312	PPP1R2
60	DOK1
158	YAF2
3056	ATRX
72	GSTTLp28
3406	PRPF4B
249	DDX3
147	PTGER2
1418	GSTP1
48	DDX10
108	UBE2D2
139	ZNFN1A1
3255	PDAP1
2392	ME1
164	UBE2I
148	ZNF220
119	PTP4A1
1185	STAT6
1135	TRAF1
2369	TRAF1
731	IRS1
40	NFE2L2
4155	PDCD2
141	PPM1A
153	POR
100	MSH2
86	MSH2
2892	RPS6KA3
171
4111	TAF10
65	GTF2A2
5673	MT3
98	GNAI3
3235	CREB1
3292	PRL
149	MX2
2806	FKBP1A
2999	CSF1
87	PIM1
1327	DCK
1951	GDF1
241	UBE2A
294	YY1
88	E2-EPF
130	E2-EPF
879	MIF
4042	EFNA3
62	PPP2R5A
4127	GUK1
310	STAT4
2949	ADA
4261	IFIT2
164	CALM2
3513	NKTR
114	PPP2R1A
94	PPP2CB
2312	IFI30
32	EBI2
4042	ZNF91
4289	ZNF91
2697	GPLD1
111	CAP
4071	D4S234E
3636	NF1
1060	PSMB6
18	RUNX1
1331	PPFIA1
1007	PSMD7
81	TCTEL1
4244	MCM7
68	PPID
80	PSMC6
180	TLOC1
97	PSMF1
3572	FKBP1B
2526	PPP1CA
1207	CALM1
1069	TUBB
379	ARRB2
313	POLR2I
3025	CDC42
53	LIG4
2069	USP9X
3167	USP9X
185	USP9X
1788	SGK
627	MAPK1
64	NPC1
237	MCM5
3287	CYP19
31	NCK1
3891	TYK2
4183	PTPRM
563	PTPRM
174
860
122
132
153
400
185
1004
582
2798
175
305
2309
834
3788
564
6422
497
4090
4162
2818
593
1652
2059
110
1934
1571
349
2784
3394
3961
											
